"global_id";"Route code";"Agency code";"Number of the route";"Full name route";"Type of route";"Route description";"Union route";
"global_id";"Код маршрута";"Код транспортного предприятия";"Номер маршрута";"Полное наименование маршрута";"Вид транспорта";"Описание маршрута";"Совместный маршрут";
"1125957623";"141500232";"61";"466";"МЦД Бескудниково - Савёловский вокзал";"3";"";"";
"1125957665";"141500273";"601";"667";"Метро «Озёрная» - Метро «Озёрная»";"3";"";"";
"1125957703";"141500251";"601";"553";"Метро «Ленинский проспект» - Мега - Оби";"3";"";"";
"1125957730";"141500222";"61";"429";"Метро «Кузьминки» - Метро «Нижегородская»";"3";"";"";
"1125957732";"141500204";"601";"343";"МЦД Переделкино - МЦД Переделкино";"3";"";"";
"1133556333";"141500166";"61";"83";"МЦД Перово - МЦД Перово";"3";"";"";
"1133556340";"141500158";"61";"26";"Метро «Сокол» - Метро «Сокол»";"3";"";"";
"1133556390";"141500188";"61";"270";"Лобненская улица - Метро «Речной вокзал»";"3";"";"";
"1133556393";"141500300";"61";"314";"Метро «Выхино» - МЦД Перово";"3";"";"";
"1133556536";"141500181";"61";"215";"МЦД Грачёвская - Метро «Петровско-Разумовская»";"3";"";"";
"1133556541";"141500206";"61";"352";"МЦД Долгопрудная - МЦД Долгопрудная";"3";"";"";
"1133556588";"141500189";"61";"282";"Метро «Войковская» - Ул. Корнейчука";"3";"";"";
"1133556688";"141500320";"61";"115";"138-й квартал Выхина - 138-й кв. Выхина";"3";"";"";
"1133556689";"141500180";"61";"206";"Лобненская улица - Метро «Селигерская»";"3";"";"";
"1133556690";"141500185";"601";"250";"5-й мкр. Теплого Стана - 5-й микрорайон Тёплого Стана";"3";"";"";
"1137249835";"141500221";"101";"428";"ВДНХ (главный вход) - ВДНХ (главный вход)";"3";"";"";
"1137249839";"141500265";"101";"618";"Осташковская улица - Осташковская улица";"3";"";"";
"1137249867";"141500261";"101";"601";"Абрамцевская ул. - Станция Лосиноостровская";"3";"";"";
"1137249874";"141500284";"101";"771";"Абрамцевская ул. - Абрамцевская улица";"3";"";"";
"1137250083";"141500162";"101";"56";"ВДНХ (главный вход) - Платф. Яуза";"3";"";"";
"1137250120";"141500263";"101";"606";"Улица Корнейчука - Осташковская улица";"3";"";"";
"1137250126";"141500274";"61";"673";"МЦД Грачёвская - Метро «Речной вокзал»";"3";"";"";
"1263345426";"141500134";"601";"с894";"Метро «Орехово» - Гурьевский проезд";"3";"";"";
"1263345743";"141500620";"61";"с799";"Волгоградский проспект (МКАД) - Даниловский рынок";"3";"";"";
"2617546826";"141500388";"101";"с15";"Платформа Лось - Малыгинский пр.";"3";"";"";
"2617546978";"141500384";"601";"с14";"Проезд Карамзина - Проезд Карамзина";"3";"";"";
"2617547114";"141500382";"601";"с17";"Улица Новаторов - МЦД Очаково";"3";"";"";
"2620601695";"141500389";"61";"746";"МЦД Долгопрудная - 9-я Северная линия";"3";"";"";
"2641377270";"2270";"1";"967";"Мега - Оби - Метро «Новомосковская»";"3";"";"";
"2641377417";"3130";"1";"147";"ЖК «Юго-Западный» - Метро «Филатов Луг»";"3";"";"";
"2641377577";"141500408";"103";"785к";"Тропарёво - Тропарево";"3";"";"";
"2655033858";"3131";"1";"523к";"Коктебельская улица - МЦД Бутово";"3";"";"";
"2679469038";"3208";"1";"125";"Улица Молостовых - Красноказарменная площадь";"3";"";"";
"2679469045";"3185";"1";"500";"Метро «Водный стадион» - Прибрежный проезд";"3";"";"";
"2679469048";"3210";"1";"265";"Метро «Бульвар Рокоссовского» - Метро «Рижская»";"3";"";"";
"2679469104";"3194";"1";"594";"Метро «Водный стадион» - Метро «Ховрино»";"3";"";"";
"2679469120";"3192";"1";"445";"Районный центр «Нева» - Метро «Речной вокзал»";"3";"";"";
"2679469164";"3230";"1";"801";"Районный центр «Нева» - Районный центр «Нева»";"3";"";"";
"2679469190";"3200";"1";"366";"Улица Герасима Курина - Улица Герасима Курина";"3";"";"";
"2679469299";"3231";"1";"СК1";"Метро «Давыдково» - Улица Генерала Дорохова";"3";"";"";
"2679469306";"3203";"1";"471";"Ветеринарная академия - Ветеринарная академия";"3";"";"";
"2679469346";"141500421";"101";"713";"Метро «Марьино» - Метро «Кузьминки»";"3";"";"";
"2679469360";"3232";"1";"СК2";"Метро «Славянский бульвар» - Улица Генерала Дорохова";"3";"";"";
"2679469390";"3189";"1";"617";"МЦД Перово - Ивановское";"3";"";"";
"2679469402";"3204";"1";"201";"Ставропольский проезд - МЦД Люблино";"3";"";"";
"2679469431";"141500420";"601";"769";"Проезд Карамзина - Проезд Карамзина";"3";"";"";
"2679469438";"3202";"1";"853";"Метро «Братиславская» - Метро «Братиславская»";"3";"";"";
"2679469471";"3181";"1";"361";"Метро «Беляево» - Метро «Юго-Западная»";"3";"";"";
"2679469497";"3196";"1";"290";"Улица Корнейчука - Метро «Бибирево»";"3";"";"";
"2682976662";"3219";"1";"551";"Ставропольский проезд - Метро «Выхино»";"3";"";"";
"2682976691";"3216";"1";"957";"Метро «Марьино» - Метро «Марьино» (южный вход)";"3";"";"";
"2682976788";"3212";"1";"с9";"Капотня - Капотня";"3";"";"";
"2682976831";"3215";"1";"340";"Метро «Римская» - Метро «Римская»";"3";"";"";
"2682976839";"3220";"1";"530";"Метро «Братиславская» - Метро «Братиславская»";"3";"";"";
"2682976853";"3217";"1";"708";"Ставропольский проезд - Южные Ворота";"3";"";"";
"2682976854";"3213";"1";"409";"Метро «Выхино» - МЦД Новогиреево";"3";"";"";
"2706629424";"141500426";"101";"с797";"Чагинская улица - Братеевская пойма";"3";"";"";
"2706629469";"141500445";"103";"580";"МЦД Вешняки - МЦД Вешняки";"3";"";"";
"2706629498";"141500429";"101";"619";"МЦД Перово - Метро «Черкизовская»";"3";"";"";
"2707884298";"141500437";"101";"291";"Метро «Сокол» - Метро «Сокол»";"3";"";"";
"2707884326";"141500439";"101";"815";"Улица Корнейчука - Ул. Корнейчука";"3";"";"";
"2707884362";"141500140";"101";"994";"Абрамцевская ул. - Абрамцевская улица";"3";"";"";
"2707884404";"141500444";"103";"с122";"Первомайское - Сосенское";"3";"";"";
"2707884409";"141500434";"101";"128";"Метро «Филатов Луг» - ЖК «Андерсен»";"3";"";"";
"2707884522";"141500446";"103";"551к";"ул. Чугунные ворота - ул. Чугунные ворота";"3";"";"";
"2707884574";"3321";"1";"899";"Метро «Красногвардейская» - Метро «Коломенская»";"3";"";"";
"2707884602";"141500448";"101";"132";"Метро «Петровский парк» - Метро «Сокол»";"3";"";"";
"2707884612";"141500436";"101";"с977";"Битцевская аллея - Метро «Ясенево»";"3";"";"";
"2707884620";"141500432";"103";"с161";"Солнечный городок - Лужки";"3";"";"";
"2707884622";"141500414";"103";"241";"МЦД Кокошкино - МЦД Кокошкино";"3";"";"";
"2718262891";"141500460";"101";"564";"Абрамцевская ул. - Северный - 1-й микрорайон";"3";"";"";
"2718262894";"3222";"1";"296";"Метро «Рассказовка» - Посёлок Переделкино";"3";"";"";
"2718262971";"141500459";"101";"525";"Улица Корнейчука - Метро «Владыкино»";"3";"";"";
"2718262972";"141500464";"103";"969";"МЦД Щербинка - Ерино";"3";"";"";
"2718262977";"141500463";"103";"956";"МЦД Щербинка - МЦД Щербинка";"3";"";"";
"2718263148";"141500433";"101";"102";"Сосенское - Сосенское";"3";"";"";
"2718263149";"141500465";"103";"969к";"МЦД Щербинка - Мостовское";"3";"";"";
"2722151734";"3381";"1";"с118";"Нововатутинский проспект - Нововатутинский проспект";"3";"";"";
"2753490530";"141500457";"103";"287";"Посёлок совхоза Крёкшино - МЦД Кокошкино";"3";"";"";
"2757357566";"141500472";"601";"259";"Крылатское - Улица Федосьино";"3";"";"";
"2757357714";"141500476";"101";"890";"3-й микрорайон Московского - Метро «Юго-Западная»";"3";"";"";
"2757357835";"141500469";"103";"192";"Троицк (микрорайон «В») - Дер. Пучково";"3";"";"";
"2757357871";"141500447";"103";"245";"Посёлок совхоза Крёкшино - МЦД Санино";"3";"";"";
"2757358037";"141500428";"103";"188";"Метро «Тёплый Стан» - Метро «Тёплый Стан»";"3";"";"";
"2757358160";"141500455";"601";"255";"МЦД Мичуринец - МЦД Мичуринец";"3";"";"";
"2757358396";"3400";"1";"200";"Беловежская улица - Метро «Молодёжная»";"3";"";"";
"2757358402";"3401";"1";"295";"66-й квартал Кунцева - Матвеевское";"3";"";"";
"2757358462";"141500461";"103";"256";"Станция Бекасово-1 - Платформа Посёлок Киевский";"3";"";"";
"2792691357";"141500481";"61";"242";"Чагинская улица - Чагинская улица";"3";"";"";
"2792691520";"141500480";"103";"с269";"Платформа Рассудово - СНТ «Лесное»";"3";"";"";
"2792691531";"141500486";"601";"284";"Метро «Бибирево» - Метро «Речной вокзал»";"3";"";"";
"2792691551";"3704";"1";"698";"Метро «Водный стадион» - Сенежская ул.";"3";"";"";
"2796966900";"3298";"1";"МК1";"Метро «Тёплый Стан» - Кинопарк «Москино»";"3";"";"";
"2796966903";"141500485";"61";"678";"Метро «Планерная» - Метро «Планерная»";"3";"";"";
"2801771390";"141500484";"61";"м64";"Ивановское - Метро «Выхино»";"3";"";"";
"2801771684";"141500491";"101";"518";"Платф. Лось - Платформа Лось";"3";"";"";
"2801771688";"141500490";"61";"944";"Метро «Профсоюзная» - Метро «Кожуховская»";"3";"";"";
"2801771708";"3740";"1";"196";"Метро «Калужская» - Метро «Ленинский проспект»";"3";"";"";
"2801771813";"141500483";"101";"с595";"ВДНХ (главный вход) - Уржумская улица";"3";"";"";
"2808868320";"4126";"1";"е30";"4-й микрорайон Митина - Метро «Китай-город»";"3";"";"";
"2808868324";"3907";"1";"166к";"Метро «Рассказовка» - Улица Льва Кассиля";"3";"";"";
"2808868326";"3173";"1";"634к";"Южное Измайлово - Метро «Первомайская»";"3";"";"";
"2808868328";"3960";"1";"с5";"Нагорный бульвар - Черемушкинский рынок";"3";"";"";
"2808868332";"3827";"1";"с932";"3-й Павелецкий проезд - 3-й Павелецкий проезд";"3";"";"";
"2808868335";"3885";"1";"с755";"Стадион «Лужники»  - МЦК Новохохловская";"3";"";"";
"2808868338";"4143";"1";"МЦ";"МЦД Остафьево - Миграционный центр";"3";"";"";
"2808868340";"4250";"1";"674";"3-й микрорайон Новокосина - Метро «Черкизовская»";"3";"";"";
"2808868344";"4104";"1";"е131";"Метро «Тёплый Стан» - Троицк (Академическая площадь)";"3";"";"";
"2808868347";"3751";"1";"т78";"Северный - 4-й микрорайон - Белорусский вокзал";"3";"";"";
"2808868350";"4147";"1";"538";"6-й троллейбусный парк - Болотная площадь";"3";"";"";
"2808868351";"3898";"1";"158";"Метро «Саларьево» - Первомайское";"3";"";"";
"2808868353";"4294";"1";"925";"МЦД Остафьево - Апраксинский переулок";"3";"";"";
"2808868354";"4243";"1";"992";"Метро «Тёплый Стан» - Метро «Новомосковская»";"3";"";"";
"2808868356";"4290";"1";"723";"2-й Московский крематорий - Некрасовка";"3";"";"";
"2808868360";"4302";"1";"911";"Метро «Саларьево» - Платформа Аэропорт";"3";"";"";
"2808868362";"3812";"1";"с962";"Чертаново Южное - Ерино";"3";"";"";
"2808868366";"3742";"1";"3";"Камчатская улица - Метро «Бульвар Рокоссовского»";"3";"";"";
"2808868472";"4110";"1";"е85";"Каширское шоссе (МКАД) - Метро «Добрынинская»";"3";"";"";
"2808868476";"4118";"1";"е66";"Дворец спорта «Сокольники» - Посёлок Восточный";"3";"";"";
"2808868484";"3762";"1";"т70";"Братцево - Белорусский вокзал";"3";"";"";
"2808868489";"3939";"1";"с252";"Метро «Озёрная» - Озёрная улица (МКАД)";"3";"";"";
"2808868494";"3882";"1";"149";"Коровино - МЦД Дегунино";"3";"";"";
"2808868496";"3928";"1";"177";"2-й микрорайон Жулебина - Метро «Выхино»";"3";"";"";
"2808868500";"4033";"1";"273";"Большая Юшуньская улица - Большая Юшуньская улица";"3";"";"";
"2808868501";"3815";"1";"с954";"Метро «Беляево» - Метро «Беляево»";"3";"";"";
"2808868503";"4187";"1";"620";"Метро «Выхино» - Улица Молостовых";"3";"";"";
"2808868512";"3803";"1";"74";"Саратовская улица - Саратовская улица";"3";"";"";
"2808868516";"4085";"1";"379";"Стадион «Лужники»  - Савёловский вокзал";"3";"";"";
"2808868520";"4246";"1";"664";"Южное Измайлово - Метро «Измайловская»";"3";"";"";
"2808868530";"4029";"1";"271";"Мнёвники Южная - Крылатское";"3";"";"";
"2808868531";"4072";"1";"м5";"Стадион «Лужники»  - Метро «Достоевская»";"3";"";"";
"2808868534";"4045";"1";"м32";"Башни Око и Нева - Савёловский вокзал";"3";"";"";
"2808868538";"3795";"1";"70";"Метро «Водный стадион» - МЦД Моссельмаш";"3";"";"";
"2808868541";"3756";"1";"21";"3-й микрорайон Новокосина - 3-й микрорайон Новокосина";"3";"";"";
"2808868545";"3862";"1";"с827";"Метро «Алма-Атинская» - Ереванская улица";"3";"";"";
"2808868548";"4385";"1";"800к";"3-й Волоколамский проезд - Метро «Октябрьское Поле»";"3";"";"";
"2808868553";"4245";"1";"662";"Ивановское - Ивановское";"3";"";"";
"2808868556";"3884";"1";"150";"Киевский вокзал - Киевский вокзал";"3";"";"";
"2808868559";"3750";"1";"т81";"Метро «Беляево» - Метро «Битцевский парк»";"3";"";"";
"2808868560";"4238";"1";"656";"Бусиново - Метро «Селигерская»";"3";"";"";
"2808868562";"4292";"1";"926";"Старобалаклавская улица - Метро «Нагорная»";"3";"";"";
"2808868565";"3842";"1";"114";"Метро «Войковская» - МЦД Лианозово";"3";"";"";
"2808868566";"4186";"1";"З-16";"14-й микрорайон - Зелёный Парк";"3";"";"";
"2808868569";"3972";"1";"н13";"6-й микрорайон Загорья - Метро «Китай-город»";"3";"";"";
"2808868576";"4396";"1";"с919к";"Чертаново Южное - Варшавское шоссе, 261";"3";"";"";
"2808868581";"3760";"1";"т72";"Проезд Карамзина - Метро «Варшавская»";"3";"";"";
"2808868582";"4174";"1";"З-23";"Северная - 14-й микрорайон";"3";"";"";
"2808868587";"3487";"1";"74к";"Метро «Текстильщики» - Метро «Текстильщики»";"3";"";"";
"2808868598";"3785";"1";"т32";"Уссурийская улица - Гаражная улица";"3";"";"";
"2808868600";"3849";"1";"с891";"Ст. Бирюлево-тов. - Метро «Каширская»";"3";"";"";
"2808868601";"4140";"1";"МЦ1";"Метро «Лесопарковая» - Миграционный центр";"3";"";"";
"2808868609";"3746";"1";"686";"Проспект Будённого - МЦД Площадь трёх вокзалов";"3";"";"";
"2808868610";"3924";"1";"171";"Камчатская улица - Электрозаводский мост";"3";"";"";
"2808868614";"3176";"1";"189к";"Микрорайон Первый Московский - Метро «Филатов Луг»";"3";"";"";
"2808868616";"3854";"1";"126";"Электробусный парк «Красная Пахра» - Аэропорт Внуково";"3";"";"";
"2808868621";"141500494";"61";"35";"МЦД Курьяново - МЦД Курьяново";"3";"";"";
"2808868720";"3744";"1";"т";"Елоховская площадь - Метро «Комсомольская»";"5";"";"";
"2808868726";"4347";"1";"778";"Рижский вокзал - Спартаковская площадь";"3";"";"";
"2808868728";"3166";"1";"865к";"Метро «Планерная» - Комсомольская улица";"3";"";"";
"2808868730";"4327";"1";"757";"Метро «Молодёжная» - Метро «Молодёжная»";"3";"";"";
"2808868731";"3160";"1";"911к";"Метро «Саларьево» - Аэропорт Внуково";"3";"";"";
"2808868732";"3906";"1";"с543";"Метро «Владыкино» - Долгоруковская улица";"3";"";"";
"2808868733";"3904";"1";"с613";"3-й микрорайон Новокосина - 3-й микрорайон Новокосина";"3";"";"";
"2808868734";"3911";"1";"169";"Метро «Филатов Луг» - Середневский лес";"3";"";"";
"2808868735";"3749";"1";"т85";"Проезд Карамзина - Метро «Профсоюзная»";"3";"";"";
"2808868736";"3554";"1";"МЦа";"МЦД Подольск - Миграционный центр";"3";"";"";
"2808868739";"3953";"1";"213";"Остафьевская улица - Остафьевская улица";"3";"";"";
"2808868740";"3759";"1";"27";"1-й Силикатный проезд - Белорусский вокзал";"3";"";"";
"2808868741";"4204";"1";"З-3";"Улица Панфилова - Алабушевское кладбище";"3";"";"";
"2808868742";"4360";"1";"847";"Метро «Беговая» - Метро «Беговая»";"3";"";"";
"2808868743";"3954";"1";"с117";"Киевский - Троицк (Академическая площадь)";"3";"";"";
"2808868745";"3957";"1";"220";"Стадион «Лужники»  - Новый Арбат";"3";"";"";
"2808868748";"3773";"1";"48";"1-й Силикатный проезд - 1-й Силикатный проезд";"3";"";"";
"2808868749";"4011";"1";"253";"Проспект Маршала Жукова - Щукино";"3";"";"";
"2808868752";"4007";"1";"246";"23-й кв. Новых Черемушек - Метро «Калужская»";"3";"";"";
"2808868756";"4036";"1";"м40";"Лобненская улица - Метро «Китай-город»";"3";"";"";
"2808868759";"4233";"1";"1004";"Коктебельская улица - Каменка";"3";"";"";
"2808868761";"4049";"1";"293";"Остафьевская улица - МЦД Бутово";"3";"";"";
"2808868762";"3782";"1";"60";"Метро «Щукинская» - МФЦ Хорошёво-Мнёвники";"3";"";"";
"2808868764";"4070";"1";"м6";"Стадион «Лужники»  - Дангауэровка";"3";"";"";
"2808868767";"3883";"1";"с768";"МЦД Курьяново - Торговый комплекс «Садовод»";"3";"";"";
"2808868768";"4076";"1";"м3";"Серебряный бор - Проспект Будённого";"3";"";"";
"2808868769";"4311";"1";"902";"2-й микрорайон Южного Бутова - МЦД Силикатная";"3";"";"";
"2808868771";"3872";"1";"с810";"Метро «Домодедовская» - Домодедовское кладбище";"3";"";"";
"2808868773";"4078";"1";"357";"Метро «Планерная» - Стокманн";"3";"";"";
"2808868774";"4324";"1";"886";"Метро «Рассказовка» - Метро «Рассказовка»";"3";"";"";
"2808868777";"4084";"1";"368";"Электробусный парк «Митино» - Метро «Планерная»";"3";"";"";
"2808868779";"4390";"1";"807";"Метро «Озёрная» - МЦД Очаково";"3";"";"";
"2808868781";"3745";"1";"11";"Кастанаевская улица - МЦД Очаково";"3";"";"";
"2808868784";"4105";"1";"418";"Рижский вокзал - Стрельбищенский пер.";"3";"";"";
"2808868788";"3893";"1";"с694";"Метро «Новокосино» - Торговый комплекс «Садовод»";"3";"";"";
"2808868791";"3748";"1";"14";"4-й микрорайон Кожухова - МЦД Реутов";"3";"";"";
"2808868794";"3752";"1";"18";"Коктебельская улица - Бутовский полигон";"3";"";"";
"2808868797";"3340";"1";"680к";"Метро «Бульвар Рокоссовского» - Метро «Преображенская площадь»";"3";"";"";
"2808868802";"3931";"1";"189";"3-й микрорайон Московского - Метро «Филатов Луг»";"3";"";"";
"2808868806";"4161";"1";"Б";"Павелецкий вокзал - Павелецкий вокзал";"3";"";"";
"2808868811";"3768";"1";"т60";"Метро «Варшавская» - Метро «Новые Черёмушки»";"3";"";"";
"2808868816";"3769";"1";"34к";"Метро «Измайловская» - Метро «Преображенская площадь»";"3";"";"";
"2808868819";"3772";"1";"т59";"Серебряный бор - Метро «Сокол»";"3";"";"";
"2808868909";"3781";"1";"т51";"Сиреневый бульвар - Метро «Измайловская»";"3";"";"";
"2808868911";"3787";"1";"62";"Братцево - Братцево";"3";"";"";
"2808868916";"3789";"1";"65";"Метро «Водный стадион» - Левобережная ул.";"3";"";"";
"2808868924";"3998";"1";"м89";"Платформа Бирюлёво-Пассажирская - Пролетарский проспект, 45";"3";"";"";
"2808868926";"3982";"1";"н5";"Каширское шоссе (МКАД) - Метро «Китай-город»";"3";"";"";
"2808868930";"4217";"1";"Бк";"Смоленский бульвар - Смоленский бульвар";"3";"";"";
"2808868934";"3799";"1";"с996";"Плёсково - МЦД Подольск";"3";"";"";
"2808868935";"4020";"1";"м60к";"Уссурийская улица - Метро «Черкизовская»";"3";"";"";
"2808868939";"3821";"1";"94";"Остафьевская улица - МЦД Бутово";"3";"";"";
"2808868940";"3823";"1";"96";"Метро «Планерная» - Метро «Планерная»";"3";"";"";
"2808868945";"3825";"1";"97";"Сиреневый бульвар - Метро «Измайловская»";"3";"";"";
"2808868946";"3835";"1";"109";"Метро «Филатов Луг» - Испанские Кварталы";"3";"";"";
"2808868951";"3834";"1";"с923";"5-й микрорайон Тёплого Стана - Улица Островитянова, 37";"3";"";"";
"2808868954";"3855";"1";"с856";"Нагатинский Затон - Нагатинский Затон";"3";"";"";
"2808868960";"3868";"1";"133";"Метро «Щёлковская» - Метро «Рязанский проспект»";"3";"";"";
"2808868961";"3807";"1";"с973";"Троицк (микрорайон «В») - Нововатутинский проспект";"3";"";"";
"2808868962";"3844";"1";"с910";"3-й Павелецкий проезд - Новый Арбат";"3";"";"";
"2808868964";"3871";"1";"135";"Метро «Парк Победы» - Ул. Акад. Павлова";"3";"";"";
"2808868968";"3811";"1";"79";"Метро «Выхино» - МЦД Реутов";"3";"";"";
"2808868969";"3850";"1";"с869";"Ереванская улица - Электрический завод";"3";"";"";
"2808868970";"3875";"1";"137";"Метро «Щукинская» - Троице-Лыково";"3";"";"";
"2808868973";"3778";"1";"51";"138-й квартал Выхина - Народная улица";"3";"";"";
"2808868976";"3814";"1";"90";"Метро «Войковская» - Метро «Речной вокзал»";"3";"";"";
"2808868977";"3877";"1";"с806";"Метро «Нагатинская» - Метро «Нагатинская»";"3";"";"";
"2808868980";"3816";"1";"с953";"1-й микрорайон Щербинки - Остафьевская улица";"3";"";"";
"2808868982";"3894";"1";"с676";"МЦД Перово - Метро «Партизанская»";"3";"";"";
"2808868985";"3857";"1";"127";"Мякинино парк - Кастанаевская улица";"3";"";"";
"2808868986";"4329";"1";"760";"Метро «Щёлковская» - 2-й Московский крематорий";"3";"";"";
"2808868987";"3820";"1";"с949";"МЦД Щербинка - Ямонтово";"3";"";"";
"2808868988";"3920";"1";"с344";"1-й Силикатный проезд - 1-й Силикатный проезд";"3";"";"";
"2808868992";"4039";"1";"279";"2-й микрорайон Жулебина - Метро «Нижегородская»";"3";"";"";
"2808868994";"3819";"1";"с951";"Метро «Нагатинская» - Метро «Нагатинская»";"3";"";"";
"2808868995";"3922";"1";"с331";"8-й микрорайон Митина - 3-й микрорайон Строгина";"3";"";"";
"2808868998";"3817";"1";"91к";"Киевский вокзал - Улица Довженко";"3";"";"";
"2808868999";"3921";"1";"с339";"Улица Расплетина - Метро «Полежаевская»";"3";"";"";
"2808869003";"3961";"1";"221";"Метро «Говорово» - Метро «Славянский бульвар»";"3";"";"";
"2808869005";"3829";"1";"с929";"Метро «Южная» - Метро «Нагорная»";"3";"";"";
"2808869007";"3923";"1";"с289";"Метро «Филёвский парк» - 66-й квартал Кунцева";"3";"";"";
"2808869012";"3830";"1";"103";"23-й кв. Новых Черемушек - Метро «Аминьевская»";"3";"";"";
"2808869013";"3788";"1";"т29";"Метро «Владыкино» - Метро «Владыкино»";"3";"";"";
"2808869017";"3933";"1";"194";"Коровино - Метро «Петровско-Разумовская»";"3";"";"";
"2808869018";"3833";"1";"108";"Метро «Саларьево» - Троицк (микрорайон «В»)";"3";"";"";
"2808869019";"4047";"1";"292";"МЦД Курьяново - Улица Гурьянова";"3";"";"";
"2808869021";"3959";"1";"с6";"Юрловский проезд - Каргопольская улица";"3";"";"";
"2808869023";"3839";"1";"с916";"Коктебельская улица - Метро «Пражская»";"3";"";"";
"2808869024";"3790";"1";"68";"Камчатская улица - Сиреневый бульвар";"3";"";"";
"2808869027";"3881";"1";"с790";"МЦК ЗИЛ - Саратовская улица";"3";"";"";
"2808869028";"4241";"1";"993";"Старобалаклавская улица - Кластер «Ломоносов»";"3";"";"";
"2808869032";"4052";"1";"м23";"Метро «Парк Победы» - Метро «Парк Победы»";"3";"";"";
"2808869033";"3861";"1";"129";"Крылатское - ЖК «Спутник»";"3";"";"";
"2808869034";"4249";"1";"984";"3-й Павелецкий проезд - Метро «Пролетарская»";"3";"";"";
"2808869037";"4123";"1";"е41";"Северная - Метро «Ховрино»";"3";"";"";
"2808869038";"4050";"1";"м27";"5-й микрорайон Тёплого Стана - Олимпийская Деревня";"3";"";"";
"2808869039";"4160";"1";"563";"МЦД Долгопрудная - МЦД Лихоборы";"3";"";"";
"2808869041";"3945";"1";"с187";"Троицк (микрорайон «В») - Минзаг";"3";"";"";
"2808869044";"3964";"1";"с1";"Остафьевская улица - Остафьевская улица";"3";"";"";
"2808869048";"3876";"1";"138";"Метро «Парк культуры» - Улица Марии Ульяновой";"3";"";"";
"2808869050";"3798";"1";"с997";"Чертаново Южное - Аннино";"3";"";"";
"2808869051";"3980";"1";"н6";"Осташковская улица - Метро «Китай-город»";"3";"";"";
"2808869053";"4258";"1";"687";"Метро «Щукинская» - Мякинино";"3";"";"";
"2808869054";"3806";"1";"с976";"5-й микрорайон Тёплого Стана - Улица Островитянова, 37";"3";"";"";
"2808869055";"3846";"1";"с908";"Платф. Чертаново - Посёлок Измайлово";"3";"";"";
"2808869058";"3927";"1";"176";"Платформа Лось - Проезд Русанова";"3";"";"";
"2808869059";"4269";"1";"704";"Метро «Братиславская» - МЦД Перерва";"3";"";"";
"2808869060";"4283";"1";"934";"Метро «Нагорная» - Метро «Ломоносовский проспект»";"3";"";"";
"2808869062";"4296";"1";"726";"4-й микрорайон Кожухова - 4-й микрорайон Кожухова";"3";"";"";
"2808869063";"4381";"1";"818";"Улица Бехтерева - Метро «Кантемировская»";"3";"";"";
"2808869108";"141500495";"601";"236";"Матвеевское - Молодогвардейская улица (МКАД)";"3";"";"";
"2808869109";"4038";"1";"278";"Электробусный парк «Красная Пахра» - МЦД Крёкшино";"3";"";"";
"2808869111";"3171";"1";"739в";"Торговый комплекс «Садовод» - Профилакторий";"3";"";"";
"2808869113";"3754";"1";"20";"Ивановское - Метро «Партизанская»";"3";"";"";
"2808869114";"3943";"1";"с216";"Стадион «Лужники»  - Метро «Краснопресненская»";"3";"";"";
"2808869115";"3157";"1";"З-16к";"14-й микрорайон - МЦД Зеленоград-Крюково";"3";"";"";
"2808869117";"4253";"1";"982";"Метро «Тёплый Стан» - Испанские Кварталы";"3";"";"";
"2808869118";"4254";"1";"680";"Метро «Бульвар Рокоссовского» - Больница Соколиной Горы";"3";"";"";
"2808869119";"4298";"1";"731";"138-й квартал Выхина - 138-й квартал Выхина";"3";"";"";
"2808869120";"3859";"1";"с839";"Метро «Кантемировская» - Бюро судебно-медицинской экспертизы";"3";"";"";
"2808869121";"4251";"1";"983";"Метро «Новомосковская» - Дзен-кварталы";"3";"";"";
"2808869123";"141500493";"101";"464";"Молодогвардейская улица (МКАД) - Метро «Университет»";"3";"";"";
"2808869124";"4255";"1";"981";"Коктебельская улица - 1-й микрорайон Щербинки";"3";"";"";
"2808869125";"4300";"1";"913";"3-й Павелецкий проезд - 3-й Павелецкий проезд";"3";"";"";
"2808869126";"3845";"1";"116";"Парк «Фили» - Белорусский вокзал";"3";"";"";
"2808869127";"4352";"1";"787";"9-й микрорайон Кожухова - МЦД Перово";"3";"";"";
"2808869128";"4252";"1";"677";"МЦД Лианозово - Метро «Петровско-Разумовская»";"3";"";"";
"2808869129";"4304";"1";"734";"Метро «Саларьево» - МЦД Солнечная";"3";"";"";
"2808869130";"4358";"1";"849";"9-й микрорайон Кожухова - 9-й микрорайон Кожухова";"3";"";"";
"2808869131";"4248";"1";"672";"Коровино - Метро «Селигерская»";"3";"";"";
"2808869132";"4305";"1";"906";"МЦД Остафьево - Промышленная улица";"3";"";"";
"2808869133";"4366";"1";"838";"Метро «Алма-Атинская» - Метро «Каширская»";"3";"";"";
"2808869134";"4263";"1";"696";"Осташковская улица - Платформа Лось";"3";"";"";
"2808869135";"3164";"1";"868к";"Рассудово - Яковлевское";"3";"";"";
"2808869136";"4357";"1";"164";"Метро «Тёплый Стан» - Пос. Мосрентген";"3";"";"";
"2808869137";"4307";"1";"905";"75-й километр МКАД - Белорусский вокзал";"3";"";"";
"2808869138";"4264";"1";"971";"Метро «Потапово»  - Сосенское";"3";"";"";
"2808869139";"4391";"1";"184";"Метро «Тёплый Стан» - Индустриальный парк «Индиго»";"3";"";"";
"2808869140";"4364";"1";"789";"Холмогорская ул. - Холмогорская ул.";"3";"";"";
"2808869143";"4229";"1";"650";"Метро «Выхино» - Метро «Авиамоторная»";"3";"";"";
"2808869144";"4365";"1";"842";"МЦД Перово - МЦД Новогиреево";"3";"";"";
"2808869145";"4261";"1";"978";"1-й микрорайон Щербинки - Метро «Ольховая»";"3";"";"";
"2808869146";"4319";"1";"747";"Метро «Выхино» - Метро «Выхино»";"3";"";"";
"2808869147";"4242";"1";"659";"Ивановское - Метро «Шоссе Энтузиастов»";"3";"";"";
"2808869148";"4359";"1";"288";"Метро «Новые Черёмушки» - МЦД Очаково";"3";"";"";
"2808869149";"4265";"1";"697";"Метро «Выхино» - Метро «Выхино»";"3";"";"";
"2808869150";"4326";"1";"885";"3-й микрорайон Новокосина - 3-й микрорайон Новокосина";"3";"";"";
"2808869152";"4374";"1";"794";"Метро «Молодёжная» - Немчиновка";"3";"";"";
"2808869153";"4274";"1";"948";"Коктебельская улица - Коктебельская улица";"3";"";"";
"2808869154";"4318";"1";"889";"Улица Ленина - Насосная улица";"3";"";"";
"2808869155";"4239";"1";"998";"МЦД Щербинка - Посёлок Остафьево";"3";"";"";
"2808869156";"4373";"1";"829";"Метро «Молодёжная» - Метро «Крылатское»";"3";"";"";
"2808869157";"4278";"1";"712";"Метро «Беляево» - Улица Академика Бакулева";"3";"";"";
"2808869158";"4325";"1";"752";"Метро «Беляево» - Метро «Беляево»";"3";"";"";
"2808869159";"4237";"1";"1002";"Киевский - Метро «Саларьево»";"3";"";"";
"2808869160";"4376";"1";"826";"Метро «Орехово» - Платформа Бирюлёво-Пассажирская";"3";"";"";
"2808869161";"4279";"1";"938";"Чертаново Южное - Улица Марии Ульяновой";"3";"";"";
"2808869162";"4323";"1";"887";"Метро «Алма-Атинская» - 14-й микрорайон Орехово-Борисова";"3";"";"";
"2808869163";"4276";"1";"707";"Метро «Саларьево» - МЦД Солнечная";"3";"";"";
"2808869164";"4322";"1";"750";"МЦД Солнечная - Пос. Толстопальцево";"3";"";"";
"2808869165";"4375";"1";"828";"Метро «Красногвардейская» - Метро «Домодедовская»";"3";"";"";
"2808869166";"4275";"1";"947";"Метро «Варшавская» - МЦД Красный Строитель";"3";"";"";
"2808869168";"4377";"1";"796";"Саратовская улица - Метро «Выхино»";"3";"";"";
"2808869169";"4277";"1";"940";"МЦД Щербинка - МЦД Щербинка";"3";"";"";
"2808869170";"4334";"1";"762";"МЦД Курьяново - МЦД Курьяново";"3";"";"";
"2808869171";"4378";"1";"824";"Нагатинский Затон - Нагатинский Затон";"3";"";"";
"2808869172";"4280";"1";"937";"Коктебельская улица - Коктебельская улица";"3";"";"";
"2808869173";"4332";"1";"760к";"Метро «Щёлковская» - Салтыковская улица, 41";"3";"";"";
"2808869175";"4289";"1";"930";"4-й микрорайон Митина - МЦД Павшино";"3";"";"";
"2808869176";"4336";"1";"763";"Метро «Верхние Лихоборы» - Пос. Северный";"3";"";"";
"2808869177";"4386";"1";"814";"Ст. Бирюлево-тов. - Ст. Бирюлево-тов.";"3";"";"";
"2808869178";"4286";"1";"720";"Метро «Саларьево» - Татьянин Парк";"3";"";"";
"2808869180";"4291";"1";"928";"МЦД Грачёвская - Станция Лосиноостровская";"3";"";"";
"2808869181";"4345";"1";"773";"9-й микрорайон Кожухова - МЦД Реутов";"3";"";"";
"2808869184";"4350";"1";"782";"Таллинская улица - 2-я Лыковская ул.";"3";"";"";
"2808869186";"4348";"1";"780";"Метро «Войковская» - ЦИТО";"3";"";"";
"2808869187";"4287";"1";"931";"2-й микрорайон Южного Бутова - Метро «Потапово»";"3";"";"";
"2808869188";"4349";"1";"858";"Метро «Орехово» - 6-й микрорайон Орехово-Борисова";"3";"";"";
"2808869189";"3840";"1";"111";"Улица Новаторов - Метро «Ломоносовский проспект»";"3";"";"";
"2808869190";"4297";"1";"917";"2-й микрорайон Южного Бутова - Расторопово";"3";"";"";
"2808869191";"4351";"1";"784";"Метро «Лухмановская» - 12-й квартал Люберецких полей";"3";"";"";
"2808869193";"4355";"1";"851";"Метро «Речной вокзал» - Аэропорт Шереметьево - Терминал B";"3";"";"";
"2808869195";"4354";"1";"852";"Загорье - Чертаново Центральное";"3";"";"";
"2808869196";"4273";"1";"706";"Метро «Выхино» - 2-й Московский крематорий";"3";"";"";
"2808869199";"3764";"1";"33";"Рижский вокзал - Метро «Владыкино»";"3";"";"";
"2808869201";"4137";"1";"523";"Коктебельская улица - Бутовское кладбище";"3";"";"";
"2808869202";"4312";"1";"741";"Метро «Тушинская» - Митинское кладбище";"3";"";"";
"2808869203";"3864";"1";"с823";"Метро «Каширская» - 6-й микрорайон Орехово-Борисова";"3";"";"";
"2808869204";"4208";"1";"З-1";"14-й микрорайон - СТО ВАЗ";"3";"";"";
"2808869206";"4206";"1";"З-2";"МЦД Зеленоград-Крюково - СТО ВАЗ";"3";"";"";
"2808869207";"4293";"1";"725";"Кузьминский парк - Метро «Текстильщики»";"3";"";"";
"2808869208";"3914";"1";"с377";"Братцево - МЦД Трикотажная";"3";"";"";
"2808869209";"4193";"1";"З-12";"МЦД Зеленоград-Крюково - МЖК";"3";"";"";
"2808869212";"3866";"1";"с820";"Метро «Каширская» - Метро «Коломенская»";"3";"";"";
"2808869213";"4397";"1";"523а";"Коктебельская улица - МЦД Бутово";"3";"";"";
"2808869214";"4398";"1";"с823а";"Метро «Каширская» - 6-й микрорайон Орехово-Борисова";"3";"";"";
"2808869215";"4399";"1";"560к";"Метро «Физтех» - МЦД Долгопрудная";"3";"";"";
"2808869216";"4339";"1";"765";"Саратовская улица - Метро «Марьино»";"3";"";"";
"2808869218";"3800";"1";"72";"Метро «Водный стадион» - Савёловский вокзал";"3";"";"";
"2808869219";"4244";"1";"661";"Улица Новаторов - Метро «Университет»";"3";"";"";
"2808869220";"3841";"1";"113";"Метро «Ломоносовский проспект» - Метро «Профсоюзная»";"3";"";"";
"2808869221";"141500496";"601";"329";"Тропарёво - Давыдково";"3";"";"";
"2808869222";"3813";"1";"с960";"Метро «Южная» - Харьковский пр.";"3";"";"";
"2808869223";"3968";"1";"н15";"Сиреневый бульвар - Метро «Китай-город»";"3";"";"";
"2808869224";"3892";"1";"155";"Проспект Маршала Жукова - Метро «Филёвский парк»";"3";"";"";
"2808869225";"3747";"1";"т86";"Серебряный бор - Метро «Сокол»";"3";"";"";
"2808869226";"3889";"1";"с724";"Улица Головачёва - Улица Головачёва";"3";"";"";
"2808869228";"4247";"1";"669";"2-й микрорайон Жулебина - 2-й микрорайон Жулебина";"3";"";"";
"2808869229";"3930";"1";"183";"Платформа Лось - Институт пути";"3";"";"";
"2808869230";"3947";"1";"с179";"Метро «Тёплый Стан» - Метро «Саларьево»";"3";"";"";
"2808869231";"4138";"1";"МЦ2";"Метро «Филатов Луг» - Миграционный центр";"3";"";"";
"2808869232";"4337";"1";"868";"Рассудово - Посёлок Зосимова Пустынь";"3";"";"";
"2808869233";"3170";"1";"739а";"Торговый комплекс «Садовод» - Микрорайон Силикат";"3";"";"";
"2808869235";"3848";"1";"120";"14-й автобусный парк - 14-й автобусный парк";"3";"";"";
"2808869236";"4163";"1";"570";"Метро «Войковская» - Метро «Войковская»";"3";"";"";
"2808869238";"4094";"1";"400";"Улица Панфилова - Метро «Речной вокзал»";"3";"";"";
"2808869240";"3753";"1";"т77";"Ивановское - МЦД Перово";"3";"";"";
"2808869241";"3858";"1";"с848";"Метро «Красногвардейская» - Метро «Красногвардейская»";"3";"";"";
"2808869243";"3473";"1";"1004а";"Коктебельская улица - Каменка";"3";"";"";
"2808869244";"3935";"1";"с280";"Крылатское - Кардиоцентр";"3";"";"";
"2808869245";"3837";"1";"с918";"Старобалаклавская улица - Старобалаклавская улица";"3";"";"";
"2808869247";"3847";"1";"119";"Метро «Нагорная» - Киевский вокзал";"3";"";"";
"2808869248";"4400";"1";"З-1а";"14-й микрорайон - СТО ВАЗ";"3";"";"";
"2808869249";"4344";"1";"863";"Метро «Саларьево» - Микрорайон Град Московский";"3";"";"";
"2808869251";"3860";"1";"с835";"Метро «Кожуховская» - Метро «Пролетарская»";"3";"";"";
"2808869252";"4211";"1";"Д";"Домодедовское кладбище - 94-й участок";"3";"";"";
"2808869253";"4113";"1";"447";"Базовская улица - Самотёчная площадь";"3";"";"";
"2808869256";"4182";"1";"З-20";"16-й мкр. - Кладбище «Рожки»";"3";"";"";
"2808869259";"3169";"1";"739к";"Торговый комплекс «Садовод» - 6-й микрорайон Жулебина";"3";"";"";
"2808869260";"4338";"1";"764";"МЦД Курьяново - Мемориал";"3";"";"";
"2808869261";"3867";"1";"с819";"Каширское шоссе (МКАД) - Метро «Красногвардейская»";"3";"";"";
"2808869262";"3224";"1";"878у";"Метро «Тёплый Стан» - Школа «Летово»";"3";"";"";
"2808869263";"3865";"1";"131";"МЦД Перово - Метро «Партизанская»";"3";"";"";
"2808869264";"4112";"1";"436";"Метро «Выхино» - Торговый комплекс «Садовод»";"3";"";"";
"2808869265";"3863";"1";"130";"Парк «Фили» - 23-й квартал Новых Черёмушек";"3";"";"";
"2808869266";"3802";"1";"73";"Крылатское - Мнёвники Южная";"3";"";"";
"2808869267";"3152";"1";"м89к";"Платформа Бирюлёво-Пассажирская - Метро «Царицыно»";"3";"";"";
"2808869268";"3888";"1";"с744";"Торговый комплекс «Садовод» - Метро «Люблино»";"3";"";"";
"2808869269";"3873";"1";"136";"ВДНХ (главный вход) - МЦД Лианозово";"3";"";"";
"2808869270";"3874";"1";"с809";"Ст. Бирюлево-тов. - Ст. Бирюлево-тов.";"3";"";"";
"2808869271";"3879";"1";"140";"Дворец спорта «Сокольники» - 6-й Лучевой просек";"3";"";"";
"2808869272";"3912";"1";"с482";"МЦД Окружная - МЦД Окружная";"3";"";"";
"2808869273";"3880";"1";"146";"2-й микрорайон Южного Бутова - Метро «Бульвар Дмитрия Донского»";"3";"";"";
"2808869274";"3878";"1";"с795";"Капотня - Метро «Домодедовская»";"3";"";"";
"2808869275";"3915";"1";"с369";"Парк «Фили» - Парк «Фили»";"3";"";"";
"2808869276";"3916";"1";"167";"МЦД Лианозово - Метро «Селигерская»";"3";"";"";
"2808869277";"3831";"1";"107";"Метро «Филёвский парк» - Метро «Филёвский парк»";"3";"";"";
"2808869278";"3925";"1";"173";"Братцево - Метро «Речной вокзал»";"3";"";"";
"2808869279";"3886";"1";"153";"Метро «Новые Черёмушки» - Метро «Новые Черёмушки»";"3";"";"";
"2808869280";"4340";"1";"865";"Метро «Планерная» - Перепечинское кладбище";"3";"";"";
"2808869281";"4021";"1";"261";"Метро «Озёрная» - Метро «Ясенево»";"3";"";"";
"2808869282";"3926";"1";"175";"5-й троллейбусный парк - 5-й троллейбусный парк";"3";"";"";
"2808869283";"3887";"1";"154";"МЦД Грачёвская - ВДНХ (главный вход)";"3";"";"";
"2808869284";"3808";"1";"78";"Дворец спорта «Сокольники» - Дворец спорта «Сокольники»";"3";"";"";
"2808869285";"3942";"1";"207";"Дворец спорта «Мегаспорт» - Дворец спорта «Мегаспорт»";"3";"";"";
"2808869286";"3890";"1";"с711";"Торговый комплекс «Садовод» - Метро «Кузьминки»";"3";"";"";
"2808869288";"3944";"1";"208";"МЦД Новогиреево - МЦД Новогиреево";"3";"";"";
"2808869289";"3891";"1";"с710";"Метро «Алма-Атинская» - Метро «Алма-Атинская»";"3";"";"";
"2808869290";"4028";"1";"м54";"МЦД Лихоборы - Станция Лосиноостровская";"3";"";"";
"2808869291";"3948";"1";"210";"4-й микрорайон Митина - Метро «Тушинская»";"3";"";"";
"2808869292";"3900";"1";"159";"Метро «Тёплый Стан» - Кнутово";"3";"";"";
"2808869293";"3172";"1";"849р";"МЦД Люберцы - МЦД Люберцы";"3";"";"";
"2808869294";"4027";"1";"267";"Метро «Планерная» - 8-й микрорайон Митина";"3";"";"";
"2808869295";"3950";"1";"с162";"3-й микрорайон Московского - Метро «Пыхтино»";"3";"";"";
"2808869296";"3791";"1";"622";"Восточное Измайлово - МЦД Площадь трёх вокзалов";"3";"";"";
"2808869297";"3951";"1";"211";"Улица Молостовых - Метро «Партизанская»";"3";"";"";
"2808869298";"4026";"1";"м57";"Метро «Речной вокзал» - Осташковская улица";"3";"";"";
"2808869300";"3952";"1";"с156";"Троицк (микрорайон «В») - Метро «Филатов Луг»";"3";"";"";
"2808869302";"4034";"1";"м44";"Лобненская улица - Платформа Лось";"3";"";"";
"2808869303";"3905";"1";"с585";"Улица Фонвизина - Улица Фонвизина";"3";"";"";
"2808869304";"3955";"1";"218";"Метро «Фили» - Парк «Фили»";"3";"";"";
"2808869305";"4037";"1";"276";"МЦД Новогиреево - МЦД Новогиреево";"3";"";"";
"2808869306";"3909";"1";"168";"Троицк (микрорайон «В») - Красная Пахра";"3";"";"";
"2808869307";"3956";"1";"с23";"Дворец спорта «Мегаспорт» - Дворец спорта «Мегаспорт»";"3";"";"";
"2808869308";"3908";"1";"с532";"Метро «Тимирязевская» - Метро «Тимирязевская»";"3";"";"";
"2808869311";"3913";"1";"с453";"2-я Подрезковская улица - Мелькисарово";"3";"";"";
"2808869313";"3843";"1";"с914";"Метро «Южная» - Промзона Чертаново";"3";"";"";
"2808869315";"3974";"1";"н11";"Аэропорт Внуково - Метро «Китай-город»";"3";"";"";
"2808869316";"4100";"1";"е142";"Метро «Тёплый Стан» - Кузовлево";"3";"";"";
"2808869319";"4086";"1";"382";"Савёловский вокзал - Ямское Поле";"3";"";"";
"2808869322";"4089";"1";"384";"Савёловский вокзал - Белорусский вокзал";"3";"";"";
"2808869327";"3775";"1";"т55";"Сиреневый бульвар - Метро «Первомайская»";"3";"";"";
"2808869328";"4008";"1";"247";"Ивановское - Метро «Выхино»";"3";"";"";
"2808869331";"4125";"1";"503";"Улица Корнейчука - Метро «Владыкино»";"3";"";"";
"2808869335";"4124";"1";"502";"Метро «Выхино» - Метро «Новокосино»";"3";"";"";
"2808869336";"3989";"1";"н3";"Уссурийская улица - Метро «Китай-город»";"3";"";"";
"2808869340";"3997";"1";"м90";"Метро «Беляево» - Метро «Лубянка»";"3";"";"";
"2808869342";"4158";"1";"Sk4";"Метро «Тропарёво» - ОРП Р5";"3";"";"";
"2808869346";"4159";"1";"561";"Метро «Владыкино» - Метро «Алексеевская»";"3";"";"";
"2808869350";"4172";"1";"600";"Метро «Тёплый Стан» - Метро «Саларьево»";"3";"";"";
"2808869352";"4188";"1";"З-15";"Северная - 16-й мкр.";"3";"";"";
"2808869356";"4190";"1";"З-14";"14-й микрорайон - Улица 1-го Мая";"3";"";"";
"2808869363";"4226";"1";"648";"Метро «Новые Черёмушки» - Метро «Ясенево»";"3";"";"";
"2808869453";"4227";"1";"649";"Осташковская улица - Ясный проезд";"3";"";"";
"2808869457";"4257";"1";"980";"Метро «Южная» - Чертаново Южное";"3";"";"";
"2808869460";"4256";"1";"682";"Метро «Бульвар Рокоссовского» - Платформа Яуза";"3";"";"";
"2808869463";"4259";"1";"688";"14-й автобусный парк - Крылатское";"3";"";"";
"2808869466";"4267";"1";"703";"МЦД Вешняки - Перервинская плотина";"3";"";"";
"2808869474";"4262";"1";"975";"Дворец спорта «Сокольники» - Дворец спорта «Сокольники»";"3";"";"";
"2808869477";"4260";"1";"695";"Карачарово - Карачарово";"3";"";"";
"2808869482";"4341";"1";"766";"Метро «Стахановская» - МЦК ЗИЛ";"3";"";"";
"2808869483";"3339";"1";"с162а";"Посёлок Марьино - 3-й микрорайон Московского";"3";"";"";
"2808869485";"4343";"1";"864";"Метро «Алма-Атинская» - Метро «Алма-Атинская»";"3";"";"";
"2808869489";"4342";"1";"767";"11-й микрорайон Солнцева - Метро «Тёплый Стан»";"3";"";"";
"2808869491";"3763";"1";"32";"МЦД Мещерская - Метро «Рассказовка»";"3";"";"";
"2808869495";"4346";"1";"776";"Южное Измайлово - МЦД Новогиреево";"3";"";"";
"2808869499";"4361";"1";"788";"Метро «Лухмановская» - 13-й кв. Люберецких полей";"3";"";"";
"2808869502";"4372";"1";"793";"5-й микрорайон Солнцева - 5-й микрорайон Солнцева";"3";"";"";
"2808869507";"4368";"1";"837";"Метро «Красногвардейская» - Метро «Тёплый Стан»";"3";"";"";
"2808869508";"3767";"1";"т63";"138-й квартал Выхина - Метро «Таганская»";"3";"";"";
"2808869511";"4362";"1";"844";"Метро «Нагатинская» - Районный центр «Эльбрус»";"3";"";"";
"2808869512";"3766";"1";"34";"Сиреневый бульвар - Метро «Преображенская площадь»";"3";"";"";
"2808869517";"4303";"1";"733";"Крылатское - Крылатское";"3";"";"";
"2808869518";"3161";"1";"е80к";"Загорье - Метро «Каширская»";"3";"";"";
"2808869519";"3818";"1";"93";"ВДНХ (главный вход) - Медведково Арена";"3";"";"";
"2808869523";"4382";"1";"800";"Щукино - Метро «Полежаевская»";"3";"";"";
"2808869526";"3824";"1";"с936";"2-й микрорайон Южного Бутова - Метро «Потапово» ";"3";"";"";
"2808869528";"4383";"1";"817";"Метро «Планерная» - Метро «Планерная»";"3";"";"";
"2808869529";"4116";"1";"е80";"Загорье - Метро «Марксистская»";"3";"";"";
"2808869532";"4384";"1";"816";"Метро «Калужская» - Кардиоцентр";"3";"";"";
"2808869535";"3809";"1";"с970";"Метро «Южная» - Промзона Бирюлёво";"3";"";"";
"2808869537";"3826";"1";"100";"Щукино - Метро «Сокол»";"3";"";"";
"2808869538";"4130";"1";"е24";"Беловежская улица - Метро «Петровско-Разумовская»";"3";"";"";
"2808869539";"3832";"1";"с924";"Троицк (микрорайон «В») - МЦД Подольск";"3";"";"";
"2808869544";"3853";"1";"124";"Микрорайон 4 «Д» Отрадного - Станция Лосиноостровская";"3";"";"";
"2808869546";"4392";"1";"805";"Метро «Стахановская» - Метро «Стахановская»";"3";"";"";
"2808869547";"3836";"1";"с919";"Чертаново Южное - Щербинское кладбище";"3";"";"";
"2808869548";"4321";"1";"749";"Метро «Братиславская» - МЦД Перерва";"3";"";"";
"2808869550";"4197";"1";"627к";"Камчатская улица - МФЦ «Гольяново»";"3";"";"";
"2808869552";"3851";"1";"123";"Метро «Водный стадион» - Метро «Петровско-Разумовская»";"3";"";"";
"2808869555";"3810";"1";"с963";"МЦД Остафьево - МЦД Остафьево";"3";"";"";
"2808869557";"3852";"1";"с867";"Каширское шоссе (МКАД) - Торговый комплекс «Садовод»";"3";"";"";
"2808869560";"3899";"1";"с636";"Гаражная улица - Метро «Площадь Ильича»";"3";"";"";
"2808869562";"3965";"1";"н16";"Проезд Карамзина - Метро «Китай-город»";"3";"";"";
"2808869565";"4401";"1";"З-2к";"МЦД Зеленоград-Крюково - Городское кладбище";"3";"";"";
"2808869566";"3967";"1";"225";"Беловежская улица - Метро «Молодёжная»";"3";"";"";
"2808869569";"4402";"1";"е30к";"4-й микрорайон Митина - Белорусский вокзал";"3";"";"";
"2808869570";"3971";"1";"228";"Саратовская улица - Улица Головачёва";"3";"";"";
"2808869573";"3801";"1";"с988";"Метро «Южная» - Платф. Чертаново";"3";"";"";
"2808869578";"3822";"1";"с941";"Метро «Южная» - Красный Маяк";"3";"";"";
"2808869579";"3828";"1";"101";"Красная Пахра - Метро «Тёплый Стан»";"3";"";"";
"2808869580";"3973";"1";"н12";"8-й микрорайон Митина - Метро «Китай-город»";"3";"";"";
"2808869581";"4093";"1";"394";"Киевский вокзал - Метро «Ломоносовский проспект»";"3";"";"";
"2808869583";"3996";"1";"240";"66-й квартал Кунцева - Киевский вокзал";"3";"";"";
"2808869584";"3919";"1";"170";"Метро «Верхние Лихоборы» - МЦД Бескудниково";"3";"";"";
"2808869586";"3975";"1";"н10";"Лобненская улица - Метро «Китай-город»";"3";"";"";
"2808869587";"3918";"1";"с348";"Метро «Тушинская» - Метро «Тушинская»";"3";"";"";
"2808869589";"3995";"1";"м95";"Коктебельская улица - Даниловский рынок";"3";"";"";
"2808869590";"3917";"1";"с364";"Метро «Краснопресненская» - Песчаная пл.";"3";"";"";
"2808869591";"3976";"1";"н9";"6-й микрорайон Бибирева - Метро «Китай-город»";"3";"";"";
"2808869593";"3946";"1";"209";"138-й квартал Выхина - Метро «Выхино»";"3";"";"";
"2808869594";"4004";"1";"м83";"Метро «Каширская» - 6-й микрорайон Орехово-Борисова";"3";"";"";
"2808869595";"3938";"1";"204";"Метро «Войковская» - Метро «Петровско-Разумовская»";"3";"";"";
"2808869597";"4003";"1";"243";"75-й километр МКАД - 5-й Войковский проезд";"3";"";"";
"2808869598";"3929";"1";"181";"Осташковская улица - Платформа Лось";"3";"";"";
"2808869600";"3978";"1";"229";"Метро «Молодёжная» - Метро «Крылатское»";"3";"";"";
"2808869602";"3979";"1";"н7";"2-й микрорайон Жулебина - Метро «Китай-город»";"3";"";"";
"2808869603";"3934";"1";"197";"Метро «Выхино» - Метро «Выхино»";"3";"";"";
"2808869605";"3977";"1";"н8";"Остафьевская улица - Метро «Китай-город»";"3";"";"";
"2808869607";"4018";"1";"260";"Матвеевское - Метро «Университет»";"3";"";"";
"2808869609";"3981";"1";"230";"Сиреневый бульвар - Метро «Преображенская площадь»";"3";"";"";
"2808869611";"3984";"1";"233";"Метро «Речной вокзал» - Петрозаводская улица";"3";"";"";
"2808869613";"3986";"1";"237";"МЦД Новогиреево - МЦД Новогиреево";"3";"";"";
"2808869615";"3985";"1";"234";"Саратовская улица - Саратовская улица";"3";"";"";
"2808869714";"3983";"1";"231";"Беловежская улица - Метро «Филёвский парк»";"3";"";"";
"2808869715";"3988";"1";"238";"МЦД Окружная - Станция Лосиноостровская";"3";"";"";
"2808869716";"3987";"1";"н4";"Новокосино - Метро «Китай-город»";"3";"";"";
"2808869718";"3992";"1";"239";"Метро «Парк Победы» - Метро «Маяковская»";"3";"";"";
"2808869719";"3991";"1";"238к";"Микрорайон 4 «Д» Отрадного - Станция Лосиноостровская";"3";"";"";
"2808869720";"3993";"1";"н1";"Аэропорт Шереметьево - Терминал B - Метро «Китай-город»";"3";"";"";
"2808869721";"4048";"1";"м31";"Метро «Краснопресненская» - Башни Око и Нева";"3";"";"";
"2808869724";"3994";"1";"м96";"Бирюлёво Западное - Красный Маяк";"3";"";"";
"2808869725";"4023";"1";"м60";"Уссурийская улица - МЦД Площадь трёх вокзалов";"3";"";"";
"2808869727";"4002";"1";"м84";"Метро «Калужская» - Сабурово";"3";"";"";
"2808869729";"4005";"1";"244";"ВДНХ (главный вход) - Федоскинская ул., 9";"3";"";"";
"2808869730";"4022";"1";"262";"Проезд Карамзина - Метро «Битцевский парк»";"3";"";"";
"2808869733";"4006";"1";"м82";"14-й микрорайон Орехово-Борисова - 6-я Радиальная улица";"3";"";"";
"2808869734";"4024";"1";"264";"5-й микрорайон Тёплого Стана - 5-й микрорайон Тёплого Стана";"3";"";"";
"2808869738";"4001";"1";"м86";"Метро «Красногвардейская» - Метро «Добрынинская»";"3";"";"";
"2808869739";"4025";"1";"266";"Метро «Проспект Вернадского» (северный вход) - Киевский вокзал";"3";"";"";
"2808869743";"4000";"1";"м87";"6-й микрорайон Загорья - Метро «Царицыно»";"3";"";"";
"2808869744";"4060";"1";"317";"Метро «Нагорная» - Площадь Гагарина";"3";"";"";
"2808869746";"4009";"1";"м79";"2-й микрорайон Жулебина - Филиал больницы им. Демихова";"3";"";"";
"2808869750";"4058";"1";"313";"Метро «Планерная» - Метро «Волоколамская»";"3";"";"";
"2808869752";"4031";"1";"272";"Метро «Саларьево» - Насосная улица";"3";"";"";
"2808869754";"4064";"1";"325";"Метро «Ломоносовский проспект» - Метро «Ломоносовский проспект»";"3";"";"";
"2808869756";"4051";"1";"294";"1-й Силикатный проезд - 1-й Силикатный проезд";"3";"";"";
"2808869758";"4032";"1";"м44к";"6-й микрорайон Бибирева - Платформа Лось";"3";"";"";
"2808869759";"4063";"1";"324";"Метро «Планерная» - Юрово";"3";"";"";
"2808869761";"4013";"1";"254";"МЦД Новогиреево - Метро «Шоссе Энтузиастов»";"3";"";"";
"2808869762";"4077";"1";"356";"8-й микрорайон Митина - 8-й микрорайон Митина";"3";"";"";
"2808869765";"4061";"1";"322";"1-й Силикатный проезд - Метро «Сокол»";"3";"";"";
"2808869766";"4056";"1";"м17";"Метро «Озёрная» - Киевский вокзал";"3";"";"";
"2808869769";"4062";"1";"323";"МЦК Лихоборы - МЦК Лихоборы";"3";"";"";
"2808869771";"4043";"1";"283";"66-й квартал Кунцева - Метро «Фили»";"3";"";"";
"2808869774";"4069";"1";"345";"Проспект Маршала Жукова - Белорусский вокзал";"3";"";"";
"2808869775";"4040";"1";"м35";"Крылатское - Метро «Краснопресненская»";"3";"";"";
"2808869776";"4065";"1";"м9";"Рижский вокзал - Улица Тюфелева Роща";"3";"";"";
"2808869779";"4015";"1";"м77";"Каширское шоссе (МКАД) - Метро «Текстильщики»";"3";"";"";
"2808869781";"4042";"1";"м34";"Метро «Филёвский парк» - Белорусский вокзал";"3";"";"";
"2808869782";"4067";"1";"328";"Электробусный парк «Митино» - Мир Митино";"3";"";"";
"2808869783";"4046";"1";"286";"Улица Павла Корчагина - Платф. Яуза";"3";"";"";
"2808869784";"4017";"1";"м74";"МЦД Курьяново - МЦД Новогиреево";"3";"";"";
"2808869788";"4044";"1";"285";"МЦД Новогиреево - Метро «Выхино»";"3";"";"";
"2808869789";"4114";"1";"451";"Улица Рословка - Метро «Речной вокзал»";"3";"";"";
"2808869790";"4016";"1";"257";"Уссурийская улица - Южное Измайлово";"3";"";"";
"2808869794";"4066";"1";"327";"Метро «Бульвар Рокоссовского» - Метро «Бульвар Рокоссовского»";"3";"";"";
"2808869795";"4012";"1";"м78";"Метро «Орехово» - Метро «Выхино»";"3";"";"";
"2808869797";"4175";"1";"З-22";"МЦД Зеленоград-Крюково - 17-й микрорайон";"3";"";"";
"2808869799";"4095";"1";"400к";"14-й микрорайон - Метро «Сходненская»";"3";"";"";
"2808869801";"4019";"1";"м72";"Капотня - Метро «Братиславская»";"3";"";"";
"2808869803";"4098";"1";"403";"Карамышевская набережная - Прибрежный проезд";"3";"";"";
"2808869808";"4096";"1";"400т";"17-й микрорайон - Метро «Тушинская»";"3";"";"";
"2808869809";"4068";"1";"м7";"Метро «Стахановская» - Парк «Фили»";"3";"";"";
"2808869813";"4122";"1";"499";"МЦД Лианозово - МЦД Лианозово";"3";"";"";
"2808869814";"4099";"1";"е143";"Метро «Тёплый Стан» - Каменка";"3";"";"";
"2808869817";"4119";"1";"477";"МЦД Лианозово - МЦД Окружная";"3";"";"";
"2808869818";"4103";"1";"е132";"Метро «Тёплый Стан» - Троицк (Академическая площадь)";"3";"";"";
"2808869821";"4195";"1";"З-11";"Северная - Северная";"3";"";"";
"2808869824";"4055";"1";"299";"Метро «Аминьевская» - Метро «Филёвский парк»";"3";"";"";
"2808869825";"4198";"1";"З-10";"17-й микрорайон - Больница имени Кончаловского";"3";"";"";
"2808869829";"4145";"1";"536";"Метро «ВДНХ» - Метро «ВДНХ»";"3";"";"";
"2808869831";"4053";"1";"297";"Метро «Парк Победы» - Болотная площадь";"3";"";"";
"2808869834";"4146";"1";"З-32к";"Северная - Середниковская улица";"3";"";"";
"2808869837";"4054";"1";"м19";"Якорная улица - Метро «Ломоносовский проспект»";"3";"";"";
"2808869838";"4192";"1";"625";"Метро «Братиславская» - МЦД Курьяново";"3";"";"";
"2808869840";"4135";"1";"519";"Рижский вокзал - Метро «Тимирязевская»";"3";"";"";
"2808869842";"4057";"1";"м16";"Метро «Озёрная» - Метро «Октябрьская»";"3";"";"";
"2808869843";"4199";"1";"З-9";"41-й километр - 41-й километр";"3";"";"";
"2808869846";"4142";"1";"529";"Метро «Нагорная» - Университетский проспект";"3";"";"";
"2808869848";"4059";"1";"315";"Филёвская пойма - Метро «Краснопресненская»";"3";"";"";
"2808869850";"4207";"1";"631";"Метро «Тушинская» - 3-й микрорайон Строгина";"3";"";"";
"2808869851";"4148";"1";"З-32";"Северная - 17-й микрорайон";"3";"";"";
"2808869855";"4213";"1";"637";"Метро «Бибирево» - Метро «Владыкино»";"3";"";"";
"2808869857";"4169";"1";"З-25";"Северная - Северная";"3";"";"";
"2808869859";"4231";"1";"652";"Таллинская улица - 3-й микрорайон Строгина";"3";"";"";
"2808869862";"4171";"1";"З-24";"МЦД Зеленоград-Крюково - Алабушевское кладбище";"3";"";"";
"2808869864";"4232";"1";"653";"Филёвская пойма - Метро «Фили»";"3";"";"";
"2808869866";"4179";"1";"610";"Улица Герасима Курина - Метро «Юго-Западная»";"3";"";"";
"2808869871";"4183";"1";"614";"Метро «Тушинская» - Мир Митино";"3";"";"";
"2808869874";"4235";"1";"655";"Капотня - Метро «Кузьминки»";"3";"";"";
"2808869879";"4272";"1";"950";"МЦД Солнечная - МЦД Кокошкино";"3";"";"";
"2808869882";"4271";"1";"961";"Метро «Калужская» - Научный проезд";"3";"";"";
"2808869886";"4284";"1";"933";"Бирюлёво Западное - Станция Бирюлёво-Товарная";"3";"";"";
"2808869889";"4281";"1";"935";"Метро «Тёплый Стан» - Метро «Новомосковская»";"3";"";"";
"2808869892";"4270";"1";"705";"Абрамцевская улица - Метро «Бибирево»";"3";"";"";
"2808869894";"4282";"1";"715";"Метро «Ломоносовский проспект» - Метро «Ломоносовский проспект»";"3";"";"";
"2808869897";"4071";"1";"349";"Осташковская улица - Осташковская улица";"3";"";"";
"2808869899";"4313";"1";"897";"Метро «Каширская» - Метро «Варшавская»";"3";"";"";
"2808869900";"4295";"1";"921";"Бирюлёво Западное - Метро «Царицыно»";"3";"";"";
"2808869902";"4309";"1";"739";"6-й микрорайон Жулебина - Метро «Некрасовка»";"3";"";"";
"2808870005";"4308";"1";"736";"МЦД Курьяново - МЦД Курьяново";"3";"";"";
"2808870007";"4314";"1";"743";"Таллинская улица - Мякинино";"3";"";"";
"2808870008";"4315";"1";"895";"Метро «Тёплый Стан» - 2-й микрорайон Южного Бутова";"3";"";"";
"2808870010";"4320";"1";"888";"Нагатинский Затон - Нагатинский Затон";"3";"";"";
"2808870012";"4073";"1";"350";"Саратовская улица - Саратовская улица";"3";"";"";
"2808870014";"4316";"1";"893";"Метро «Лухмановская» - Метро «Лухмановская»";"3";"";"";
"2808870015";"4108";"1";"420";"Метро «Саларьево» - Посёлок Марьино";"3";"";"";
"2808870017";"4317";"1";"892";"Метро «Саларьево» - Солнцево-Парк";"3";"";"";
"2808870018";"4106";"1";"е99";"1-й микрорайон Щербинки - Метро «Улица Академика Янгеля»";"3";"";"";
"2808870020";"4109";"1";"е91";"Коктебельская улица - Коктебельская улица";"3";"";"";
"2808870021";"4075";"1";"353";"Осташковская улица - Метро «Владыкино»";"3";"";"";
"2808870024";"4074";"1";"м3к";"Проспект Будённого - Метро «Лубянка»";"3";"";"";
"2808870026";"4115";"1";"470";"Парк «Фили» - Кластер «Ломоносов»";"3";"";"";
"2808870027";"4328";"1";"884";"Камчатская улица - Метро «Выхино»";"3";"";"";
"2808870029";"4117";"1";"е70";"138-й квартал Выхина - Метро «Китай-город»";"3";"";"";
"2808870031";"4082";"1";"362";"Метро «Планерная» - Синемапарк";"3";"";"";
"2808870032";"4129";"1";"512";"Улица Фонвизина - Улица Фонвизина";"3";"";"";
"2808870033";"4166";"1";"З-28";"МЦД Зеленоград-Крюково - МЦД Зеленоград-Крюково";"3";"";"";
"2808870034";"4127";"1";"507";"Метро «Рассказовка» - Метро «Саларьево»";"3";"";"";
"2808870035";"4165";"1";"577";"Метро «Тёплый Стан» - Бархатная Роща";"3";"";"";
"2808870036";"4079";"1";"358";"Метро «Речной вокзал» - Городок ЮРМА";"3";"";"";
"2808870037";"4128";"1";"е29";"Метро «Каширская» - Метро «Филёвский парк»";"3";"";"";
"2808870038";"4080";"1";"359";"4-й микрорайон Митина - Городок ЮРМА";"3";"";"";
"2808870039";"4164";"1";"З-29";"МЦД Зеленоград-Крюково - МЦД Зеленоград-Крюково";"3";"";"";
"2808870040";"4353";"1";"855";"9-й микрорайон Кожухова - 17-й квартал Люберецких полей";"3";"";"";
"2808870041";"4081";"1";"м2";"Метро «Парк Победы» - Метро «Владыкино»";"3";"";"";
"2808870042";"4170";"1";"587";"Метро «Бибирево» - Метро «Лианозово»";"3";"";"";
"2808870043";"4131";"1";"е12";"Метро «Калужская» - Метро «Октябрьская»";"3";"";"";
"2808870044";"4088";"1";"е151";"Метро «Тёплый Стан» - Метро «Тёплый Стан»";"3";"";"";
"2808870047";"4133";"1";"е10";"Метро «Саларьево» - Метро «Китай-город»";"3";"";"";
"2808870048";"4083";"1";"м1";"Улица Кравченко - Больница РЖД";"3";"";"";
"2808870049";"4162";"1";"565";"Метро «Водный стадион» - МЦД Моссельмаш";"3";"";"";
"2808870050";"4132";"1";"513";"Сосенское - Жедочи";"3";"";"";
"2808870051";"4087";"1";"е152";"Метро «Тёплый Стан» - 1-я Ватутинская улица";"3";"";"";
"2808870053";"4167";"1";"586";"6-й микрорайон Бибирева - Пос. Северный";"3";"";"";
"2808870054";"4091";"1";"е148";"Метро «Тёплый Стан» - Посёлок ЛМС";"3";"";"";
"2808870055";"4134";"1";"515";"Сосенское - Посёлок Армейский";"3";"";"";
"2808870058";"4177";"1";"604";"МЦК Ростокино - Метро «Семёновская»";"3";"";"";
"2808870060";"4156";"1";"Sk3";"Метро «Говорово» - ОРП Р5";"3";"";"";
"2808870061";"4181";"1";"612";"Кастанаевская улица - Кастанаевская улица";"3";"";"";
"2808870063";"4149";"1";"З-31";"МЦД Зеленоград-Крюково - Городская больница";"3";"";"";
"2808870065";"4092";"1";"393";"Осташковская улица - Ясный проезд";"3";"";"";
"2808870066";"4180";"1";"З-21";"Улица Панфилова - МЦД Малино";"3";"";"";
"2808870067";"4154";"1";"Sk2";"Метро «Филёвский парк» - ОРП Р5";"3";"";"";
"2808870068";"4221";"1";"645";"МЦД Новогиреево - Метро «Щёлковская»";"3";"";"";
"2808870069";"4097";"1";"е144";"Метро «Тёплый Стан» - Плёсково";"3";"";"";
"2808870072";"4178";"1";"605";"Юрловский проезд - Платформа Лось";"3";"";"";
"2808870073";"4153";"1";"557";"Уссурийская улица - МФЦ «Восточное Измайлово»";"3";"";"";
"2808870075";"4101";"1";"е141";"Метро «Тёплый Стан» - Усадьба Клёново";"3";"";"";
"2808870077";"4176";"1";"603";"Юрловский проезд - Платф. Яуза";"3";"";"";
"2808870080";"4225";"1";"1343";"11-й автобусный парк - Новогорск - Стадион";"3";"";"";
"2808870081";"4102";"1";"405";"Саратовская улица - Саратовская улица";"3";"";"";
"2808870083";"4184";"1";"З-19";"14-й микрорайон - Больница имени Кончаловского";"3";"";"";
"2808870085";"4220";"1";"642";"Метро «Калужская» - Метро «Юго-Западная»";"3";"";"";
"2808870088";"4151";"1";"Sk1";"ОРП Р5 - ОРП Р5";"3";"";"";
"2808870090";"4196";"1";"627";"Камчатская улица - Мясокомбинат";"3";"";"";
"2808870093";"4379";"1";"798";"Метро «Щукинская» - Кардиоцентр";"3";"";"";
"2808870095";"4201";"1";"З-8";"41-й километр - 41-й километр";"3";"";"";
"2808870097";"4222";"1";"1434";"Метро «Планерная» - ЖК «Эдем»";"3";"";"";
"2808870098";"4367";"1";"791";"Киевский вокзал - Киевский вокзал";"3";"";"";
"2808870102";"3770";"1";"т59к";"Метро «Сокол» - Улица Народного Ополчения, 27";"3";"";"";
"2808870104";"4371";"1";"831";"МЦК ЗИЛ - Ветеринарная академия";"3";"";"";
"2808870105";"4202";"1";"З-4";"МЦД Зеленоград-Крюково - МЦД Зеленоград-Крюково";"3";"";"";
"2808870107";"4389";"1";"808";"9-й микрорайон Кожухова - Метро «Лухмановская» (западный вход)";"3";"";"";
"2808870109";"4369";"1";"832";"Крылатское - Спортцентр «Крылатское»";"3";"";"";
"2808870111";"4203";"1";"629";"Усадьба Клёново - Свитинские сады";"3";"";"";
"2808870114";"4212";"1";"Вк";"Ветеринарная академия - Ветеринарная академия";"3";"";"";
"2808870115";"4370";"1";"792";"9-й микрорайон Кожухова - Метро «Новокосино»";"3";"";"";
"2808870120";"4214";"1";"В";"Ветеринарная академия - Ветеринарная академия";"3";"";"";
"2808870123";"4216";"1";"639";"Метро «Беляево» - Метро «Ясенево»";"3";"";"";
"2808870126";"4209";"1";"634";"Южное Измайлово - Малая Семёновская улица";"3";"";"";
"2808870129";"4215";"1";"638";"Метро «Щукинская» - Мякинино";"3";"";"";
"2808870132";"4210";"1";"635";"Ивановское - 3-й микрорайон Новокосина";"3";"";"";
"2824363266";"4413";"1";"2";"Курский вокзал - 3-я Владимирская улица";"0";"";"";
"2824363268";"4449";"1";"15";"Таллинская улица - Метро «Сокол»";"0";"";"";
"2824363294";"4471";"1";"м59";"Осташковская улица - 9-я Северная линия";"3";"";"";
"2824363304";"4423";"1";"11";"Усадьба Останкино - Восточное Измайлово";"0";"";"";
"2824363333";"4425";"1";"39";"Метро «Университет» - Метро «Чистые пруды»";"0";"";"";
"2824363348";"4412";"1";"А";"МЦД Калитники - Метро «Чистые пруды»";"0";"";"";
"2824363349";"4422";"1";"10";"Таллинская улица - Метро «Щукинская»";"0";"";"";
"2824363350";"4435";"1";"23";"Михалково - Метро «Сокол»";"0";"";"";
"2824363352";"4432";"1";"16";"Чертаново Южное - Даниловская мануфактура";"0";"";"";
"2824363353";"4433";"1";"17";"Северное Медведково - Усадьба Останкино";"0";"";"";
"2824363360";"4437";"1";"25";"Усадьба Останкино - Метро «Сокольники»";"0";"";"";
"2824363365";"4414";"1";"50";"Проезд Энтузиастов - Метро «Новослободская»";"0";"";"";
"2824363367";"4418";"1";"4";"Метро «Бульвар Рокоссовского» - Курский вокзал";"0";"";"";
"2824363368";"4445";"1";"29";"Метро «Дмитровская» - Михалково";"0";"";"";
"2824363369";"4446";"1";"28";"Проспект Маршала Жукова - Метро «Сокол»";"0";"";"";
"2824363374";"4448";"1";"27";"Метро «Дмитровская» - Метро «Войковская»";"0";"";"";
"2824363377";"4468";"1";"922";"Старобалаклавская улица - Красный Маяк";"3";"";"";
"2824363378";"4470";"1";"965";"Метро «Варшавская» - Даниловский рынок";"3";"";"";
"2824363414";"4416";"1";"49";"Нагатино - Даниловская мануфактура";"0";"";"";
"2824363416";"4417";"1";"47";"Нагатино - Метро «Октябрьская»";"0";"";"";
"2824363417";"4419";"1";"6";"Братцево - Метро «Сокол»";"0";"";"";
"2824363418";"4420";"1";"7";"Метро «Бульвар Рокоссовского» - Белорусский вокзал";"0";"";"";
"2824363419";"4421";"1";"46";"Метрогородок - МЦД Калитники";"0";"";"";
"2824363420";"4427";"1";"43";"МЦК Угрешская - Метро «Сокольники»";"0";"";"";
"2824363422";"4428";"1";"12";"Восточное Измайлово - МЦК Дубровка";"0";"";"";
"2824363436";"4429";"1";"13";"Метрогородок - Каланчёвская улица";"0";"";"";
"2824363437";"4434";"1";"21";"Таллинская улица - Метро «Щукинская»";"0";"";"";
"2824363442";"4436";"1";"38";"Черёмушки - Проезд Энтузиастов";"0";"";"";
"2824363445";"4440";"1";"36";"Метрогородок - МЦД Новогиреево";"0";"";"";
"2824363448";"4441";"1";"32";"Курский вокзал - Метро «Партизанская»";"0";"";"";
"2824363449";"4450";"1";"1";"Чертаново Южное - Москворецкий рынок";"0";"";"";
"2824363450";"4442";"1";"31";"Проспект Маршала Жукова - Метро «Войковская»";"0";"";"";
"2824363452";"4444";"1";"232";"Мнёвники Южная - Давыдково";"3";"";"";
"2824363453";"4443";"1";"30";"Таллинская улица - Михалково";"0";"";"";
"2824363454";"4466";"1";"458";"МЦД Грачёвская - МЦД Грачёвская";"3";"";"";
"2824363457";"4447";"1";"26";"Метро «Университет» - Метро «Октябрьская»";"0";"";"";
"2824363458";"4430";"1";"14";"Метро «Университет» - Метро «Октябрьская»";"0";"";"";
"2824363459";"4469";"1";"968";"Метро «Профсоюзная» - Метро «Профсоюзная»";"3";"";"";
"2824363481";"4424";"1";"6к";"Братцево - Восточный мост";"0";"";"";
"2828155796";"3361";"1";"1443";"11-й автобусный парк - 11-й автобусный парк";"3";"";"";
"2828155797";"4525";"1";"263";"Стадион «Лужники»  - Метро «Аминьевская»";"3";"";"";
"2828155798";"141500502";"101";"с13";"Улица Новаторов - Улица Новаторов";"3";"";"";
"2828155806";"4473";"1";"МЦв";"Метро «Тёплый Стан» - Миграционный центр";"3";"";"";
"2828155807";"3680";"1";"1290";"Крылатское - 62-я городская больница";"3";"";"";
"2828155810";"3391";"1";"м20";"Беловежская улица - Киевский вокзал";"3";"";"";
"2828155814";"4526";"1";"990";"Метро «Улица Академика Янгеля» - Метро «Улица Академика Янгеля»";"3";"";"";
"2828155817";"3356";"1";"1345";"Метро «Ховрино» - МЦД Химки";"3";"";"";
"2828155820";"4541";"1";"628";"Ясный проезд - Ясный проезд";"3";"";"";
"2828155821";"4540";"1";"599";"Метро «Владыкино» - Метро «ВДНХ»";"3";"";"";
"2832283075";"4529";"1";"202";"Метро «Ломоносовский проспект» - Метро «Аминьевская»";"3";"";"";
"2832283087";"4543";"1";"с754";"Капотня - МЦД Люблино";"3";"";"";
"2832283089";"4542";"1";"912";"Проезд Карамзина - Улица Генерала Дорохова";"3";"";"";
"2832283104";"4546";"1";"952";"Старобалаклавская улица - Метро «Профсоюзная»";"3";"";"";
"2832283133";"141500503";"601";"735";"Осташковская улица - Метро «Щёлковская»";"3";"";"";
"2832283134";"4548";"1";"389";"Крылатское - Метро «Сокол»";"3";"";"";
"2832283138";"4547";"1";"987";"Старобалаклавская улица - Улица Довженко";"3";"";"";
"2832283173";"141500505";"61";"с679";"Карачарово - Карачарово";"3";"";"";
"2832283176";"4544";"1";"906а";"МЦД Остафьево - Красная Пахра";"3";"";"";
"2832283178";"3733";"1";"Т1";"Метро «Университет» - Метрогородок";"0";"";"";
"2838552078";"3732";"1";"1154";"Метро «Планерная» - Госпиталь Минобороны";"3";"";"";
"2838552082";"141500508";"101";"550";"Метро «Рассказовка» - МЦД Переделкино";"3";"";"";
"2838552095";"3364";"1";"1472";"Метро «Сходненская» - МЦД Долгопрудная";"3";"";"";
"2838552096";"3365";"1";"1342";"11-й автобусный парк - Ул. Павлова";"3";"";"";
"2838552097";"4403";"1";"251";"Метро «Молодёжная» - Екатериновка";"3";"";"";
"2838552098";"3731";"1";"1532";"11-й автобусный парк - Госпиталь Минобороны";"3";"";"";
"2838552100";"4528";"1";"354";"Мякинино парк - 3-й микрорайон Строгина";"3";"";"";
"2838552102";"141500507";"101";"193";"Метро «Филатов Луг» - Микрорайон Град Московский";"3";"";"";
"2838552103";"4566";"1";"616";"Метро «Новые Черёмушки» - Метро «Новые Черёмушки»";"3";"";"";
"2838552104";"141500509";"101";"274";"Матвеевское - Метро «Пыхтино»";"3";"";"";
"2838552106";"4569";"1";"862";"МЦД Мещерская - МЦД Солнечная";"3";"";"";
"2838552107";"4570";"1";"442";"Рижский вокзал - Метро «Сокол»";"3";"";"";
"2838552108";"3736";"1";"5";"Метро «Рижская» - Белорусский вокзал";"0";"";"";
"2838552109";"4564";"1";"443";"Метро «Кузьминки» - Метро «Кузьминки»";"3";"";"";
"2838552111";"4545";"1";"391";"Метро «Молодёжная» - Метро «Полежаевская»";"3";"";"";
"2838552112";"4567";"1";"1358";"Метро «Щукинская» - Рублёво";"3";"";"";
"2843273032";"3367";"1";"1344";"Метро «Ховрино» - МЦД Левобережная";"3";"";"";
"2843273372";"4576";"1";"534";"Метро «Бибирево» - Метро «Бибирево»";"3";"";"";
"2843273374";"4575";"1";"573";"Улица Фонвизина - Метро «Бибирево»";"3";"";"";
"2843273506";"4522";"1";"1346";"Метро «Ховрино» - Совхозная ул., 14";"3";"";"";
"2843273531";"3575";"1";"610к";"Улица Герасима Курина - Метро «Озёрная»";"3";"";"";
"2859176820";"4579";"1";"821";"Метро «Выхино» - 9-й «А» микрорайон Кожухова";"3";"";"";
"2859176823";"4581";"1";"702";"Южное Измайлово - Метро «Семёновская»";"3";"";"";
"2859177542";"141500510";"61";"30";"Метро «Братиславская» - Метро «Братиславская»";"3";"";"";
"2859177543";"4578";"1";"660";"Метро «Молодёжная» - Метро «Молодёжная»";"3";"";"";
"2859177551";"4580";"1";"214";"Южное Измайлово - Южное Измайлово";"3";"";"";
"2859177555";"4583";"1";"624";"Карачарово - Метро «Красные Ворота»";"3";"";"";
"2875164108";"4582";"1";"811";"Нагатинский Затон - Метро «Нагатинская»";"3";"";"";
"2875164142";"4584";"1";"511";"6-й троллейбусный парк - Метро «Краснопресненская»";"3";"";"";
"5070221361";"4477";"1";"1566";"Метро «Тушинская» - Мкр. Чернево";"3";"";"";
"5070221363";"4601";"1";"751";"Ставропольский проезд - Метро «Каширская»";"3";"";"";
"5070221365";"4593";"1";"145";"Метро «Калужская» - Метро «Калужская»";"3";"";"";
"5070221367";"4559";"1";"1139";"Метро «Филёвский парк» - Микрорайон Новая Трёхгорка";"3";"";"";
"5070221371";"141500514";"101";"с186";"Мега - Ашан - Микрорайон Град Московский";"3";"";"";
"5070221372";"4602";"1";"163";"Метро «Варшавская» - Метро «Проспект Вернадского»";"3";"";"";
"5070221373";"141500513";"601";"881";"Метро «Рассказовка» - Метро «Рассказовка»";"3";"";"";
"5070221376";"4561";"1";"1818";"Метро «Филёвский парк» - Международный университет";"3";"";"";
"5070221398";"4600";"1";"1542";"Метро «Тушинская» - Изумрудные Холмы";"3";"";"";
"5070221426";"4594";"1";"647";"5-й микрорайон Тёплого Стана - Проезд Одоевского";"3";"";"";
"5073808499";"141500487";"61";"Т";"Метро «Планерная» - Метро «Планерная»";"3";"";"";
"5075096374";"3249";"1";"1339";"Метро «Парк Победы» - Метро «Парк Победы»";"3";"";"";
"5075096375";"4651";"1";"756";"Метро «Марьино» - Метро «Люблино»";"3";"";"";
"5075096400";"4565";"1";"330";"МЦД Солнечная - МЦД Солнечная";"3";"";"";
"5075096427";"4595";"1";"1442а";"Метро «Парк Победы» - ТЦ Звёздный";"3";"";"";
"5075096482";"4484";"1";"1540";"Метро «Тушинская» - Бузланово";"3";"";"";
"5075096599";"3681";"1";"1477";"Киевский вокзал - Почта";"3";"";"";
"5075096612";"4606";"1";"663";"Метро «Лухмановская» - Индустриальный парк «Руднево»";"3";"";"";
"5075096613";"4649";"1";"623";"Камчатская улица - Метро «Первомайская»";"3";"";"";
"5075096628";"4500";"1";"1549";"Метро «Тушинская» - 52-я городская больница";"3";"";"";
"5075096649";"141500515";"101";"559";"Ул. Корнейчука - Метро «Ховрино»";"3";"";"";
"5075096664";"4604";"1";"725к";"Ветеринарная академия - Метро «Текстильщики»";"3";"";"";
"5075096752";"4551";"1";"1873а";"Метро «Сходненская» - Мкр. Велтон парк";"3";"";"";
"5075096935";"4609";"1";"850";"Ереванская улица - Метро «Каширская»";"3";"";"";
"5075096950";"4679";"1";"1580";"Метро «Строгино» (восточный вход) - ЖК «Новая Рига»";"3";"";"";
"5075096961";"3734";"1";"Т2";"Метро «Чертановская» - МЦД Новогиреево";"0";"";"";
"5075096974";"3682";"1";"1442";"Метро «Парк Победы» - Госпиталь";"3";"";"";
"5075097014";"4608";"1";"691";"Улица Молостовых - Метро «Семёновская»";"3";"";"";
"5075097079";"4652";"1";"907";"2-й микрорайон Южного Бутова - Апраксинский переулок";"3";"";"";
"5075097120";"4607";"1";"399";"Метро «Речной вокзал» - 13-й микрорайон Тушина";"3";"";"";
"5075097126";"4483";"1";"1541";"Метро «Тушинская» - Николо-Урюпино";"3";"";"";
"5075097263";"4672";"1";"1282";"Метро «Строгино» (восточный вход) - Метро «Строгино» (восточный вход)";"3";"";"";
"5075097284";"4605";"1";"714";"Улица Павла Корчагина - Метро «Рижская»";"3";"";"";
"5084945363";"141500554";"103";"597";"Метро «Сокол» - Набережная Новикова-Прибоя";"3";"";"";
"5084945364";"141500538";"601";"469";"МЦД Перово - Метро «Черкизовская»";"3";"";"";
"5084945365";"4598";"1";"м53к";"ВДНХ (главный вход) - Калибровская улица";"3";"";"";
"5084945366";"4706";"1";"З-20к";"16-й мкр. - Медведки";"3";"";"";
"5084945377";"141500543";"601";"690";"Авиамоторная улица - Русаковская улица";"3";"";"";
"5084945381";"141500518";"101";"870";"3-й микрорайон Московского - МЦД Внуково";"3";"";"";
"5084945388";"141500532";"601";"с321";"Центр международной торговли - Центр международной торговли";"3";"";"";
"5084945389";"141500530";"103";"412";"Покровский берег - Ул. Серегина";"3";"";"";
"5084945391";"141500517";"101";"172";"Метро «Новые Черёмушки» - Метро «Новые Черёмушки»";"3";"";"";
"5084945392";"141500545";"601";"770";"Метро «Каширская» - Метро «Каширская» (северный вход)";"3";"";"";
"5084945399";"4676";"1";"718";"МЦД Мещерская - Улица Академика Бакулева";"3";"";"";
"5084945402";"141500551";"601";"602";"Метро «Выхино» - Метро «Выхино»";"3";"";"";
"5084945406";"141500537";"601";"371";"Метро «Рязанский проспект» - МЦД Чухлинка";"3";"";"";
"5084945411";"4708";"1";"1480";"Метро «Планерная» - Метро «Планерная»";"3";"";"";
"5084945419";"4668";"1";"88";"Метро «Планерная» - Гидропроект";"3";"";"";
"5084945422";"4669";"1";"226";"Метро «Калужская» - МЦД Очаково";"3";"";"";
"5084945425";"4677";"1";"414";"Улица Павла Корчагина - Улица Павла Корчагина";"3";"";"";
"5084945432";"141500540";"601";"с632";"Метро «Партизанская» - Метро «Партизанская»";"3";"";"";
"5084945435";"141500549";"601";"732";"Улица Академика Скрябина - Улица Академика Скрябина";"3";"";"";
"5084945451";"3558";"1";"м90к";"Метро «Беляево» - 1-й автобусный парк";"3";"";"";
"5084945458";"141500544";"601";"338";"Метро «Речной вокзал» - Метро «Речной вокзал»";"3";"";"";
"5084945460";"4597";"1";"м53а";"6-й автобусный парк - Метро «Трубная»";"3";"";"";
"5084945468";"4555";"1";"1469";"Метро «Планерная» - МЦД Химки";"3";"";"";
"5084945471";"141500539";"601";"552";"Метро «Черкизовская» - Метро «Черкизовская»";"3";"";"";
"5084945476";"4497";"1";"1438";"Осташковская улица - Чиверёво";"3";"";"";
"5084945479";"141500542";"601";"386";"Метро «Волгоградский проспект» (западный вход) - Автомобильный проезд";"3";"";"";
"5084945480";"141500525";"601";"319";"Метро «Петровский парк» - Метро «Динамо»";"3";"";"";
"5084945483";"141500533";"601";"376";"ТЦ «Европарк» - ТЦ «Европарк»";"3";"";"";
"5084945484";"141500531";"103";"390";"Метро «Полежаевская» - Пляж № 3 Серебряного Бора ";"3";"";"";
"5084945527";"141500521";"101";"310";"Метро «Щукинская» - Метро «Щукинская»";"3";"";"";
"5084945534";"4556";"1";"1101";"Крылатское - Барвиха";"3";"";"";
"5084945579";"141500536";"601";"311";"МЦД Останкино - Метро «Бульвар Рокоссовского»";"3";"";"";
"5084945593";"141500535";"601";"334";"МЦД Чухлинка - Метро «Кузьминки»";"3";"";"";
"5084945620";"141500547";"601";"341";"Матвеевское - Давыдково";"3";"";"";
"5084945634";"141500553";"601";"533";"Метро «ВДНХ» - Метро «ВДНХ»";"3";"";"";
"5084945646";"141500520";"601";"50";"Платф. Лось - Медведково Арена";"3";"";"";
"5084945649";"141500550";"601";"491";"Метро «Кузьминки» - МЦД Плющево";"3";"";"";
"5084945660";"4674";"1";"915";"23-й кв. Новых Черемушек - 23-й кв. Новых Черемушек";"3";"";"";
"5084945679";"141500552";"601";"с783";"Улица Гурьянова - Центр московского долголетия";"3";"";"";
"5084945690";"141500534";"601";"139";"Метро «Водный стадион» - МЦК Лихоборы";"3";"";"";
"5084945731";"141500548";"601";"675";"Смирновская улица - Завод «Красный путь»";"3";"";"";
"5084945772";"4680";"1";"643";"МЦД Новогиреево - МЦД Новогиреево";"3";"";"";
"5084945774";"141500524";"601";"318";"МЦД Гражданская - МЦД Гражданская";"3";"";"";
"5084945796";"4696";"1";"540";"МЦД Окружная - Проезд Русанова";"3";"";"";
"5084945819";"4673";"1";"488";"Метро «Планерная» - Метро «Тушинская»";"3";"";"";
"5084945821";"4405";"1";"400в";"МЦД Зеленоград-Крюково - Лопотово";"3";"";"";
"5084945828";"4667";"1";"м58";"6-й микрорайон Бибирева - ВДНХ (главный вход)";"3";"";"";
"5084945841";"141500526";"601";"378";"Площадь Академика Люльки - Площадь Академика Люльки";"3";"";"";
"5084945862";"141500522";"601";"61";"Ясный пр. - Ясный проезд";"3";"";"";
"5089292957";"4141";"1";"524";"МЦД Окружная - МЦД Окружная";"3";"";"";
"5089292969";"4496";"1";"1572";"6-й микрорайон Бибирева - 6-й микрорайон Бибирева";"3";"";"";
"5089292972";"141500556";"103";"496";"ВДНХ (главный вход) - Городок Моссовета";"3";"";"";
"5089292978";"141500528";"601";"438";"Промзона Курьяново - Улица Коломникова";"3";"";"";
"5089292980";"3999";"1";"м88";"Платформа Бирюлёво-Пассажирская - Метро «Царицыно»";"3";"";"";
"5089292981";"3990";"1";"н2";"Беловежская улица - Метро «Китай-город»";"3";"";"";
"5089292984";"141500555";"601";"375";"Платформа Лось - ВДНХ (главный вход)";"3";"";"";
"5089292994";"3303";"1";"м97";"Бирюлёво Западное - Битцевская ал.";"3";"";"";
"5089293001";"3370";"1";"1370";"Метро «Ховрино» - Метро «Ховрино»";"3";"";"";
"5089293003";"141500560";"601";"с999";"Метро «Филатов Луг» - Метро «Новомосковская»";"3";"";"";
"5089293004";"4711";"1";"с187к";"Троицк (микрорайон «В») - Минзаг";"3";"";"";
"5089293008";"141500566";"601";"834";"ВДНХ (главный вход) - Ул. Красная Сосна";"3";"";"";
"5089293011";"141500562";"601";"298";"Метро «Саларьево» - Метро «Саларьево»";"3";"";"";
"5089293016";"4692";"1";"с396";"Метро «Планерная» - 4-й микрорайон Митина";"3";"";"";
"5089293017";"3363";"1";"1368";"Метро «Ховрино» - МЦД Долгопрудная";"3";"";"";
"5089293019";"141500563";"601";"с217";"Новоорловская ул. - Лазенки";"3";"";"";
"5089293022";"141500527";"601";"432";"Метро «Сходненская» - 1-й Тушинский пр.";"3";"";"";
"5089293026";"4716";"1";"О50к";"Метро «Новослободская» - Главный корпус МИИТ";"3";"";"";
"5089293034";"141500574";"601";"365";"Смирновская улица - Смирновская улица";"3";"";"";
"5089293035";"141500564";"601";"с854";"Метро «Орехово» - 3-я Радиальная ул.";"3";"";"";
"5089293038";"141500568";"601";"544";"ВДНХ (главный вход) - ВДНХ (главный вход)";"3";"";"";
"5089293039";"141500557";"103";"522";"МЦД Останкино - МЦД Останкино";"3";"";"";
"5089293041";"141500561";"601";"579";"МЦД Переделкино - Насосная улица";"3";"";"";
"5089293043";"3555";"1";"м95к";"Коктебельская улица - 17-й автобусный парк";"3";"";"";
"5089293045";"3355";"1";"1350";"Метро «Ховрино» - Башни";"3";"";"";
"5089293047";"141500559";"61";"658";"Метро «Братиславская» - Метро «Кузьминки»";"3";"";"";
"5089293048";"3354";"1";"1465";"Метро «Ховрино» - Подрезково";"3";"";"";
"5089293050";"4498";"1";"1302";"6-й микрорайон Бибирева - Троицкое";"3";"";"";
"5089293051";"3371";"1";"1369";"Метро «Ховрино» - Метро «Ховрино»";"3";"";"";
"5089293053";"141500567";"601";"640";"Метро «Тушинская» - Метро «Щукинская»";"3";"";"";
"5089293057";"4288";"1";"722";"Метро «Выхино» - Метро «Некрасовка»";"3";"";"";
"5089293070";"4694";"1";"427";"МЦД Гражданская - МЦК Лихоборы";"3";"";"";
"5089293072";"141500558";"101";"591";"МЦД Грачёвская - Метро «Войковская»";"3";"";"";
"5095666696";"4504";"1";"1892";"Метро «Ховрино» - Метро «Ховрино»";"3";"";"";
"5095666697";"4718";"1";"483а";"Комсомольская улица - Черкизово";"3";"";"";
"5095666698";"4724";"1";"О12к";"Восточное Измайлово - МЦК Измайлово";"3";"";"";
"5095666705";"4189";"1";"621";"Метро «Водный стадион» - 5-й Войковский проезд";"3";"";"";
"5095666717";"4493";"1";"1545";"6-й микрорайон Бибирева - 6-й микрорайон Бибирева";"3";"";"";
"5095666719";"4558";"1";"1341";"11-й автобусный парк - Поворот на Хлебниково";"3";"";"";
"5095666723";"4472";"1";"457";"Метро «Владыкино» - Метро «Войковская»";"3";"";"";
"5095666725";"141500575";"601";"346";"Платф. Лось - Платформа Лось";"3";"";"";
"5095666728";"4717";"1";"1333";"ВДНХ (главный вход) - 4-я Парковая улица";"3";"";"";
"5095666731";"141500576";"601";"474";"Киевский вокзал - Матвеевское";"3";"";"";
"5095666732";"4515";"1";"1294";"Осташковская улица - Осташковская улица";"3";"";"";
"5095666733";"4331";"1";"878";"Метро «Тёплый Стан» - МЦД Кокошкино";"3";"";"";
"5095666734";"141500519";"601";"571";"МЦД Грачёвская - Отрадная улица";"3";"";"";
"5095666735";"4458";"1";"1062";"6-й микрорайон Бибирева - Совхозная ул., 14";"3";"";"";
"5095666736";"4665";"1";"м60а";"Уссурийская улица - 10-й автобусный парк";"3";"";"";
"5095666738";"4506";"1";"1279";"Осташковская улица - Поведники";"3";"";"";
"5095666739";"4503";"1";"1273";"6-й микрорайон Бибирева - Поведники";"3";"";"";
"5095666740";"4363";"1";"843";"Северный - 1-й микрорайон - Пос. Северный";"3";"";"";
"5100565141";"4733";"1";"О5";"Рижский вокзал - Белорусский вокзал";"3";"";"";
"5100565143";"4722";"1";"ш2";"Метро «Строгино» (западный вход) - Сколково (62-я больница)";"3";"";"";
"5100565145";"4721";"1";"ш1";"Метро «Войковская» - Сколково (62-я больница)";"3";"";"";
"5100565146";"4730";"1";"191";"МЦД Грачёвская - Метро «Селигерская»";"3";"";"";
"5100565148";"4723";"1";"ш3";"Сколково (62-я больница) - 52-я городская больница";"3";"";"";
"5100565149";"4732";"1";"483";"Метро «Ховрино» - Комсомольская улица";"3";"";"";
"5100565150";"4715";"1";"1549а";"Метро «Тушинская» - 52-я городская больница";"3";"";"";
"5100565151";"141500579";"101";"71";"Осташковская улица - Осташковская улица";"3";"";"";
"5100565152";"3565";"1";"м57к";"Метро «Речной вокзал» - 3-й автобусный парк";"3";"";"";
"5100565153";"3970";"1";"н14";"Метро «Молодёжная» - Метро «Китай-город»";"3";"";"";
"5100565154";"4734";"1";"1594";"Крылатское - Гусарская баллада";"3";"";"";
"5100565155";"141500577";"101";"166";"Метро «Рассказовка» - Солнцево-Парк";"3";"";"";
"5100565156";"4725";"1";"с258";"5-й микрорайон Солнцева - 5-й микрорайон Солнцева";"3";"";"";
"5100565158";"4720";"1";"985";"Метро «Тёплый Стан» - Метро «Потапово»";"3";"";"";
"5100565222";"4726";"1";"З-27";"Алабушевское кладбище - МЦД Фирсановская";"3";"";"";
"5106679191";"4518";"1";"1280";"Метро «Сходненская» - Метро «Сходненская»";"3";"";"";
"5106679193";"141500581";"601";"281";"Проезд Карамзина - Метро «Юго-Западная»";"3";"";"";
"5106679194";"3589";"1";"м57а";"Осташковская улица - 3-й автобусный парк";"3";"";"";
"5106679195";"4735";"1";"275";"5-й микрорайон Солнцева - 5-й микрорайон Солнцева";"3";"";"";
"5106679196";"4729";"1";"с745";"Торговый комплекс «Садовод» - Метро «Люблино»";"3";"";"";
"5106679197";"4465";"1";"1288";"Метро «Сходненская» - ЖК «Мортонград»";"3";"";"";
"5106679207";"4719";"1";"219";"Метро «Тютчевская» - Матвеевское";"3";"";"";
"5106679208";"4505";"1";"1696";"Метро «Планерная» - Метро «Планерная»";"3";"";"";
"5106679209";"4407";"1";"1383";"Метро «Планерная» - Мега - Ашан";"3";"";"";
"5106679210";"4736";"1";"684";"Красноказарменная площадь - Красноказарменная площадь";"3";"";"";
"5106679211";"4739";"1";"1981";"Метро «Планерная» - Больница № 119";"3";"";"";
"5106679212";"141500580";"61";"727";"Улица Академика Скрябина - Метро «Таганская»";"3";"";"";
"5106679213";"4731";"1";"1699";"Метро «Планерная» - ЖК «Мортонград»";"3";"";"";
"5106679215";"4728";"1";"486";"ДСК-1 - Метро «ВДНХ»";"3";"";"";
"5106679216";"4409";"1";"1971";"Метро «Сходненская» - ЖК «Мишино»";"3";"";"";
"5106679256";"141500578";"103";"203";"Киевский вокзал - МЦД Поклонная";"3";"";"";
"5112156245";"4502";"1";"1303";"Метро «Алтуфьево» - Вёшки";"3";"";"";
"5112156247";"4737";"1";"е50";"Холмогорская ул. - Метро «Проспект Мира»";"3";"";"";
"5113338285";"4738";"1";"м56";"Холмогорская ул. - Метро «ВДНХ»";"3";"";"";
"5113338296";"4219";"1";"641";"Метро «Аминьевская» - Метро «Аминьевская»";"3";"";"";
"5113338370";"4388";"1";"803";"ВДНХ (главный вход) - МЦД Бескудниково";"3";"";"";
"5113338380";"3940";"1";"205";"Метро «Аминьевская» - Метро «Кунцевская»";"3";"";"";
"5113338382";"4510";"1";"1461";"Тропарёво - Тропарёво";"3";"";"";
