sample_id;prediction
131672_1767670500;42.911666554563254
131672_1767670800;109.6648607274883
131672_1767671100;193.40929637173315
131672_1767671400;152.62200315528338
134040_1767672000;56.193471867405066
134040_1767672300;60.54919881188071
134040_1767672600;49.911347469472254
134040_1767672900;76.09291910860685
134040_1767673200;96.34101984254721
134040_1767673500;112.4666765215668
122048_1767673800;93.57161006432833
122048_1767674100;84.48714572348987
122048_1767674400;45.69205687893214
122048_1767674700;10.989459509056914
122048_1767675000;4.727431816914461
122048_1767675300;-2.437045470841987
131672_1767675600;8.4774704357919
131672_1767675900;18.339247776035755
131672_1767676200;-1.6902235744190648
131672_1767676500;-65.46594956544054
131672_1767676800;-30.74110594925152
131672_1767677100;45.62691115127847
122658_1767679500;1.7346039756354537
122658_1767679800;10.007026071750088
122658_1767680100;37.471760324453356
122658_1767680400;16.882409116451413
122658_1767680700;105.0273093960732
134040_1767684600;18.771343753039105
130238_1767684600;2.5352285677096758
130238_1767684900;3.9042309722244206
134040_1767684900;27.39058414548003
134040_1767685200;77.94161665390179
130238_1767685200;12.143557095648966
134040_1767685500;82.86735619435825
130238_1767685500;66.99916632318316
134040_1767685800;68.99270179824758
130238_1767685800;74.48408976526164
130238_1767686100;71.41714385632395
134040_1767686100;68.47386033728414
122658_1767686400;-6.040789830395315
122658_1767686700;-4.942416169990583
122658_1767687000;-11.216986810836566
122658_1767687300;39.69910294252874
122658_1767687600;56.645401635687804
122658_1767687900;28.004802461358928
122613_1767690000;3.0604439189780566
122613_1767690300;-6.94291823115475
122613_1767690600;64.82565773717464
122613_1767690900;105.05795920303122
122613_1767691200;36.07264887218787
122613_1767691500;68.32317684048854
122048_1767695400;-102.60404618086416
122048_1767695700;-55.103658815050096
122048_1767696000;-70.5235486037227
122048_1767696300;-111.42289064113385
122048_1767696600;7.97672618620098
122048_1767696900;-51.71405435451725
133300_1767699000;-60.0917533378211
122048_1767699000;-79.77750411666817
133300_1767699300;61.78973548633007
122048_1767699300;-83.54934172375826
122048_1767699600;-61.26199699324246
133300_1767699600;77.68179390852731
122048_1767699900;-85.4544933249503
133300_1767699900;21.9233080218943
122048_1767700200;-44.13905997750561
133300_1767700200;73.12518111877557
122048_1767700500;-44.57265518078964
133300_1767700500;69.6295054409801
133957_1767700800;-80.15701567644682
133957_1767701100;45.65264780059006
133957_1767701400;54.6128488044172
133957_1767701700;64.14269991674773
133957_1767702000;73.61933894141188
133957_1767702300;88.68972536485025
129964_1767702600;10.031434316484075
129964_1767702900;-35.42446524800339
129964_1767703200;-43.64479380273776
129964_1767703500;-40.58015889842403
129964_1767704100;-99.00847499037522
122658_1767706200;104.28575059347673
122658_1767706500;23.76473539833105
122658_1767706800;0.22465858123279384
122658_1767707100;12.329341916037905
122658_1767707400;10.357529214356479
131672_1767709800;43.219486100477525
122048_1767709800;-0.044322867801255585
131672_1767710100;-9.832906619843158
122048_1767710100;5.545562438335627
131672_1767710400;-5.506003853438955
122048_1767710400;-34.875434888700795
122048_1767710700;-64.26118821682599
131672_1767710700;-39.098411964549484
131672_1767711000;-50.693111590118576
122048_1767711000;53.75230552463029
122048_1767711300;13.726372635994732
131672_1767711300;-41.84351756102306
132430_1767713400;253.96316839906387
133300_1767713400;23.517195443946846
132430_1767713700;345.077304343367
133300_1767713700;-13.74854684951184
133300_1767714000;58.373699155014236
132430_1767714000;276.82512138876757
132430_1767714300;198.87468684509568
133300_1767714600;-43.315040060649636
132430_1767714600;258.01021793956795
132430_1767714900;238.8486350112879
133300_1767714900;27.635606786909342
122048_1767717000;-3.0899741803121357
122048_1767717300;-15.89162153648023
122048_1767717600;-20.94853588848602
122613_1767718800;106.17840448995901
132430_1767720000;72.91012629625129
132430_1767720300;86.87786938211735
131672_1767722400;39.35206107494412
131672_1767722700;125.4382743390675
131672_1767723000;205.30032576440172
131672_1767723300;270.0827298006985
131672_1767723600;342.8522481610954
131672_1767723900;402.5942817126587
133957_1767724200;217.61862461439165
132430_1767727800;223.93849152770608
132430_1767728100;291.9507688276294
132430_1767728400;194.07615080936455
132430_1767728700;304.0764116836893
132430_1767729000;138.31871729086004
132430_1767729300;127.53767193919543
122048_1767731400;6.7975673618136785
122048_1767731700;8.533082880408097
122048_1767732000;24.308318604077133
122048_1767732300;12.517074853910495
122048_1767732600;17.967800304040995
122048_1767732900;2.8883441352563595
134040_1767733200;219.5796498880954
134040_1767733500;222.9233524329728
134040_1767733800;291.9672238916728
134040_1767734100;354.77527035253524
134040_1767734400;359.8576108669542
134040_1767734700;358.6612914703361
130072_1767736800;31.017742906539365
130072_1767737100;20.70381035333326
130072_1767737400;33.5057328305371
130072_1767737700;23.87528273519792
130072_1767738000;-2.6404328252336495
130072_1767738300;11.983703285127941
130072_1767742200;17.224171151765063
130072_1767742500;17.63215662665134
130072_1767742800;28.67203456039527
130072_1767743100;29.23996185454327
130072_1767743400;24.544610158064607
130072_1767743700;15.199339699915184
